Month,Date,ID,Beauty,Assertive,Social,Efficacy,Performance,Confidence,VCM,USG,CSG,ULG,CLG,Donation,Male,White,Age,Refuse_Gift,Visited_Prior,Warm_List,Donation_Prior,PriorTreat,PriorID,PriorBeauty,Sol_Male,Sol_White,Prior_Male,Prior_White,Small_gift,Large_gift,Profit
4,29,2,-0.004,3,2,3,4,1,0,1,0,0,0,0.0,1,1,20.0,0,1,0,0.0,2.0,16,0.22,1,1,0,1,1,0,-0.1
4,29,2,-0.004,3,2,3,4,1,0,1,0,0,0,0.0,0,1,70.0,0,1,1,10.0,4.0,29,0.28,1,1,1,1,1,0,-0.1
4,29,2,-0.004,3,2,3,4,1,0,1,0,0,0,3.0,0,1,75.0,0,1,1,5.0,4.0,29,0.28,1,1,1,1,1,0,2.9
4,29,2,-0.004,3,2,3,4,1,0,1,0,0,0,0.0,1,1,65.0,1,1,0,0.0,4.0,30,0.53,1,1,0,1,1,0,-0.1
4,29,2,-0.004,3,2,3,4,1,0,1,0,0,0,20.0,1,1,70.0,0,1,0,0.0,4.0,27,0.64,1,1,1,0,1,0,19.9
4,29,2,-0.004,3,2,3,4,1,0,1,0,0,0,0.0,.,.,,0,1,1,20.0,2.0,17,0.96,1,1,0,1,1,0,-0.1
4,29,2,-0.004,3,2,3,4,1,0,1,0,0,0,0.0,.,.,,0,0,0,0.0,,.,.,1,1,.,.,1,0,-0.1
4,29,2,-0.004,3,2,3,4,1,0,1,0,0,0,0.0,0,1,34.0,1,0,0,0.0,,.,.,1,1,.,.,1,0,-0.1
4,29,2,-0.004,3,2,3,4,1,0,1,0,0,0,0.0,.,.,,1,0,0,0.0,,.,.,1,1,.,.,1,0,-0.1
4,29,2,-0.004,3,2,3,4,1,0,1,0,0,0,0.0,.,.,,0,0,0,0.0,,.,.,1,1,.,.,1,0,-0.1
4,29,2,-0.004,3,2,3,4,1,0,1,0,0,0,0.0,0,1,50.0,0,0,0,0.0,,.,.,1,1,.,.,1,0,-0.1
4,29,2,-0.004,3,2,3,4,1,0,1,0,0,0,0.0,1,1,20.0,0,0,0,0.0,,.,.,1,1,.,.,1,0,-0.1
4,29,2,-0.004,3,2,3,4,1,0,1,0,0,0,0.0,1,1,20.0,1,0,0,0.0,,.,.,1,1,.,.,1,0,-0.1
4,29,2,-0.004,3,2,3,4,1,0,1,0,0,0,0.0,0,1,45.0,0,0,0,0.0,,.,.,1,1,.,.,1,0,-0.1
4,29,2,-0.004,3,2,3,4,1,0,1,0,0,0,2.0,0,1,70.0,1,0,0,0.0,,.,.,1,1,.,.,1,0,1.9
4,29,2,-0.004,3,2,3,4,1,0,1,0,0,0,5.0,0,1,34.0,0,0,0,0.0,,.,.,1,1,.,.,1,0,4.9
4,29,2,-0.004,3,2,3,4,1,0,1,0,0,0,5.0,0,1,28.0,1,0,0,0.0,,.,.,1,1,.,.,1,0,4.9
4,29,2,-0.004,3,2,3,4,1,0,1,0,0,0,10.0,0,1,34.0,0,0,0,0.0,,.,.,1,1,.,.,1,0,9.9
4,29,3,-0.318,0,8,4,8,8,0,0,0,1,0,4.0,0,1,45.0,0,1,0,0.0,4.0,29,0.28,1,0,1,1,0,1,-1.0
4,29,3,-0.318,0,8,4,8,8,0,0,0,1,0,0.0,1,1,40.0,0,0,0,0.0,,.,.,1,0,.,.,0,1,-5.0
4,29,3,-0.318,0,8,4,8,8,0,0,0,1,0,0.0,1,1,30.0,1,0,0,0.0,,.,.,1,0,.,.,0,1,-5.0
4,29,3,-0.318,0,8,4,8,8,0,0,0,1,0,0.0,1,1,45.0,1,0,0,0.0,,.,.,1,0,.,.,0,1,-5.0
4,29,3,-0.318,0,8,4,8,8,0,0,0,1,0,0.0,1,1,60.0,1,0,0,0.0,,.,.,1,0,.,.,0,1,-5.0
4,29,3,-0.318,0,8,4,8,8,0,0,0,1,0,0.0,0,1,55.0,1,0,0,0.0,,.,.,1,0,.,.,0,1,-5.0
4,29,3,-0.318,0,8,4,8,8,0,0,0,1,0,0.0,0,1,70.0,1,0,0,0.0,,.,.,1,0,.,.,0,1,-5.0
4,29,3,-0.318,0,8,4,8,8,0,0,0,1,0,10.0,0,1,65.0,0,0,0,0.0,,.,.,1,0,.,.,0,1,5.0
4,29,3,-0.318,0,8,4,8,8,0,0,0,1,0,100.0,1,1,40.0,0,0,0,0.0,,.,.,1,0,.,.,0,1,95.0
4,22,3,-0.318,0,8,4,8,8,0,1,0,0,0,0.0,0,1,70.0,0,0,0,0.0,,.,.,1,0,.,.,1,0,-0.1
4,22,3,-0.318,0,8,4,8,8,0,1,0,0,0,0.0,1,1,45.0,1,0,0,0.0,,.,.,1,0,.,.,1,0,-0.1
4,22,3,-0.318,0,8,4,8,8,0,1,0,0,0,0.0,1,1,60.0,0,0,0,0.0,,.,.,1,0,.,.,1,0,-0.1
4,22,3,-0.318,0,8,4,8,8,0,1,0,0,0,0.0,1,1,50.0,0,0,0,0.0,,.,.,1,0,.,.,1,0,-0.1
4,22,3,-0.318,0,8,4,8,8,0,1,0,0,0,0.0,1,1,70.0,1,0,0,0.0,,.,.,1,0,.,.,1,0,-0.1
4,22,3,-0.318,0,8,4,8,8,0,1,0,0,0,0.0,0,0,55.0,0,0,0,0.0,,.,.,1,0,.,.,1,0,-0.1
4,22,3,-0.318,0,8,4,8,8,0,1,0,0,0,0.0,1,1,45.0,0,0,0,0.0,,.,.,1,0,.,.,1,0,-0.1
4,22,3,-0.318,0,8,4,8,8,0,1,0,0,0,0.0,1,1,35.0,0,0,0,0.0,,.,.,1,0,.,.,1,0,-0.1
4,22,3,-0.318,0,8,4,8,8,0,1,0,0,0,2.0,0,1,60.0,0,0,0,0.0,,.,.,1,0,.,.,1,0,1.9
4,22,4,-0.347,7,7,1,7,7,0,1,0,0,0,0.0,0,1,40.0,0,1,1,1.0,2.0,18,-0.39,0,0,1,0,1,0,-0.1
4,22,4,-0.347,7,7,1,7,7,0,1,0,0,0,0.0,1,0,50.0,0,1,0,0.0,4.0,3,-1.07,0,0,0,0,1,0,-0.1
4,22,4,-0.347,7,7,1,7,7,0,1,0,0,0,0.0,1,1,70.0,1,1,1,1.0,1.0,11,-0.89,0,0,1,0,1,0,-0.1
4,22,4,-0.347,7,7,1,7,7,0,1,0,0,0,0.0,0,1,40.0,0,0,0,0.0,,.,.,0,0,.,.,1,0,-0.1
4,22,4,-0.347,7,7,1,7,7,0,1,0,0,0,0.0,0,1,20.0,1,0,0,0.0,,.,.,0,0,.,.,1,0,-0.1
4,22,4,-0.347,7,7,1,7,7,0,1,0,0,0,0.0,0,1,65.0,1,0,0,0.0,,.,.,0,0,.,.,1,0,-0.1
4,22,4,-0.347,7,7,1,7,7,0,1,0,0,0,0.0,1,1,50.0,0,0,0,0.0,,.,.,0,0,.,.,1,0,-0.1
4,22,4,-0.347,7,7,1,7,7,0,1,0,0,0,0.0,1,0,20.0,1,0,0,0.0,,.,.,0,0,.,.,1,0,-0.1
4,22,4,-0.347,7,7,1,7,7,0,1,0,0,0,0.0,0,1,50.0,1,0,0,0.0,,.,.,0,0,.,.,1,0,-0.1
4,22,4,-0.347,7,7,1,7,7,0,1,0,0,0,0.0,0,1,20.0,0,0,0,0.0,,.,.,0,0,.,.,1,0,-0.1
4,22,4,-0.347,7,7,1,7,7,0,1,0,0,0,0.0,1,1,20.0,0,0,0,0.0,,.,.,0,0,.,.,1,0,-0.1
4,22,4,-0.347,7,7,1,7,7,0,1,0,0,0,0.0,1,1,65.0,1,0,0,0.0,,.,.,0,0,.,.,1,0,-0.1
4,22,4,-0.347,7,7,1,7,7,0,1,0,0,0,0.0,0,1,35.0,1,0,0,0.0,,.,.,0,0,.,.,1,0,-0.1
4,22,4,-0.347,7,7,1,7,7,0,1,0,0,0,0.0,0,1,40.0,0,0,0,0.0,,.,.,0,0,.,.,1,0,-0.1
4,22,4,-0.347,7,7,1,7,7,0,1,0,0,0,1.0,1,1,50.0,0,0,0,0.0,,.,.,0,0,.,.,1,0,0.9
4,22,4,-0.347,7,7,1,7,7,0,1,0,0,0,1.0,1,1,40.0,0,0,0,0.0,,.,.,0,0,.,.,1,0,0.9
4,22,4,-0.347,7,7,1,7,7,0,1,0,0,0,1.25,0,0,20.0,0,0,0,0.0,,.,.,0,0,.,.,1,0,1.15
4,22,4,-0.347,7,7,1,7,7,0,1,0,0,0,2.0,1,0,20.0,0,0,0,0.0,,.,.,0,0,.,.,1,0,1.9
4,22,4,-0.347,7,7,1,7,7,0,1,0,0,0,2.0,1,1,70.0,0,0,0,0.0,,.,.,0,0,.,.,1,0,1.9
4,22,4,-0.347,7,7,1,7,7,0,1,0,0,0,2.0,0,0,60.0,0,0,0,0.0,,.,.,0,0,.,.,1,0,1.9
4,22,5,-0.087,7,5,1,7,5,1,0,0,0,0,10.0,1,1,40.0,0,1,0,0.0,3.0,23,0.23,1,0,1,1,0,0,10.0
4,22,5,-0.087,7,5,1,7,5,1,0,0,0,0,0.0,1,1,50.0,0,0,0,0.0,,.,.,1,0,.,.,0,0,0.0
4,22,5,-0.087,7,5,1,7,5,1,0,0,0,0,0.0,1,1,40.0,0,0,0,0.0,,.,.,1,0,.,.,0,0,0.0
4,22,5,-0.087,7,5,1,7,5,1,0,0,0,0,5.0,0,1,30.0,0,0,0,0.0,,.,.,1,0,.,.,0,0,5.0
4,29,7,0.185,7,8,7,4,8,1,0,0,0,0,0.0,0,1,80.0,0,1,0,0.0,1.0,11,-0.89,1,1,1,0,0,0,0.0
4,22,7,0.185,7,8,7,4,8,0,1,0,0,0,0.0,1,1,50.0,0,1,0,0.0,4.0,35,-0.57,1,1,0,1,1,0,-0.1
4,22,7,0.185,7,8,7,4,8,0,1,0,0,0,0.0,0,1,40.0,0,1,0,0.0,3.0,35,-0.57,1,1,0,1,1,0,-0.1
4,22,7,0.185,7,8,7,4,8,0,1,0,0,0,25.0,1,1,60.0,0,1,0,0.0,3.0,35,-0.57,1,1,0,1,1,0,24.9
4,22,7,0.185,7,8,7,4,8,0,1,0,0,0,0.0,1,1,30.0,0,1,1,1.0,3.0,46,-0.45,1,1,1,1,1,0,-0.1
4,29,7,0.185,7,8,7,4,8,1,0,0,0,0,0.0,1,1,50.0,0,1,0,0.0,3.0,46,-0.45,1,1,1,1,0,0,0.0
4,29,7,0.185,7,8,7,4,8,1,0,0,0,0,0.0,0,1,60.0,0,1,0,0.0,3.0,46,-0.45,1,1,1,1,0,0,0.0
4,29,7,0.185,7,8,7,4,8,1,0,0,0,0,10.0,0,1,35.0,0,1,1,4.0,3.0,46,-0.45,1,1,1,1,0,0,10.0
4,29,7,0.185,7,8,7,4,8,1,0,0,0,0,0.0,0,1,20.0,0,1,0,0.0,3.0,45,-0.37,1,1,0,0,0,0,0.0
4,22,7,0.185,7,8,7,4,8,0,1,0,0,0,0.0,1,1,40.0,0,1,0,0.0,4.0,34,-0.27,1,1,1,1,1,0,-0.1
4,22,7,0.185,7,8,7,4,8,0,1,0,0,0,10.0,0,1,50.0,0,1,0,0.0,4.0,34,-0.27,1,1,1,1,1,0,9.9
4,29,7,0.185,7,8,7,4,8,1,0,0,0,0,0.0,1,1,50.0,0,1,0,0.0,1.0,12,0.93,1,1,0,1,0,0,0.0
4,22,7,0.185,7,8,7,4,8,0,1,0,0,0,0.0,1,1,50.0,0,0,0,0.0,,.,.,1,1,.,.,1,0,-0.1
4,22,7,0.185,7,8,7,4,8,0,1,0,0,0,0.0,1,1,40.0,0,0,0,0.0,,.,.,1,1,.,.,1,0,-0.1
4,22,7,0.185,7,8,7,4,8,0,1,0,0,0,0.0,1,1,30.0,0,0,0,0.0,,.,.,1,1,.,.,1,0,-0.1
4,22,7,0.185,7,8,7,4,8,0,1,0,0,0,0.0,1,1,30.0,0,0,0,0.0,,.,.,1,1,.,.,1,0,-0.1
4,22,7,0.185,7,8,7,4,8,0,1,0,0,0,0.0,0,1,60.0,0,0,0,0.0,,.,.,1,1,.,.,1,0,-0.1
4,22,7,0.185,7,8,7,4,8,0,1,0,0,0,0.0,0,1,70.0,0,0,0,0.0,,.,.,1,1,.,.,1,0,-0.1
4,22,7,0.185,7,8,7,4,8,0,1,0,0,0,2.0,1,1,20.0,0,0,0,0.0,,.,.,1,1,.,.,1,0,1.9
4,22,7,0.185,7,8,7,4,8,0,1,0,0,0,10.0,0,1,40.0,0,0,0,0.0,,.,.,1,1,.,.,1,0,9.9
4,29,7,0.185,7,8,7,4,8,1,0,0,0,0,0.0,0,0,40.0,0,0,0,0.0,,.,.,1,1,.,.,0,0,0.0
4,29,7,0.185,7,8,7,4,8,1,0,0,0,0,0.0,0,1,30.0,0,0,0,0.0,,.,.,1,1,.,.,0,0,0.0
4,29,7,0.185,7,8,7,4,8,1,0,0,0,0,0.0,1,1,50.0,0,0,0,0.0,,.,.,1,1,.,.,0,0,0.0
4,29,7,0.185,7,8,7,4,8,1,0,0,0,0,0.0,0,1,20.0,0,0,0,0.0,,.,.,1,1,.,.,0,0,0.0
4,29,7,0.185,7,8,7,4,8,1,0,0,0,0,0.0,0,1,50.0,0,0,0,0.0,,.,.,1,1,.,.,0,0,0.0
4,29,7,0.185,7,8,7,4,8,1,0,0,0,0,0.0,1,1,20.0,0,0,0,0.0,,.,.,1,1,.,.,0,0,0.0
4,29,7,0.185,7,8,7,4,8,1,0,0,0,0,0.0,1,1,40.0,0,0,0,0.0,,.,.,1,1,.,.,0,0,0.0
4,29,7,0.185,7,8,7,4,8,1,0,0,0,0,0.0,1,1,40.0,0,0,0,0.0,,.,.,1,1,.,.,0,0,0.0
4,29,7,0.185,7,8,7,4,8,1,0,0,0,0,0.0,0,1,60.0,0,0,0,0.0,,.,.,1,1,.,.,0,0,0.0
4,29,7,0.185,7,8,7,4,8,1,0,0,0,0,0.0,0,1,50.0,0,0,0,0.0,,.,.,1,1,.,.,0,0,0.0
4,29,7,0.185,7,8,7,4,8,1,0,0,0,0,0.0,0,1,40.0,0,0,0,0.0,,.,.,1,1,.,.,0,0,0.0
4,29,7,0.185,7,8,7,4,8,1,0,0,0,0,5.0,1,1,30.0,0,0,0,0.0,,.,.,1,1,.,.,0,0,5.0
4,29,7,0.185,7,8,7,4,8,1,0,0,0,0,30.0,0,1,30.0,0,0,0,0.0,,.,.,1,1,.,.,0,0,30.0
4,22,8,0.808,2,2,2,4,-1,0,1,0,0,0,0.0,0,1,45.0,0,1,0,0.0,4.0,35,-0.57,0,1,0,1,1,0,-0.1
4,22,8,0.808,2,2,2,4,-1,0,1,0,0,0,0.0,1,1,55.0,0,1,1,2.0,4.0,36,0.11,0,1,1,1,1,0,-0.1
4,29,8,0.808,2,2,2,4,-1,0,0,0,1,0,5.0,1,0,50.0,0,1,1,1.0,4.0,27,0.64,0,1,1,0,0,1,0.0
4,29,8,0.808,2,2,2,4,-1,0,0,0,1,0,0.0,1,1,60.0,0,1,1,3.0,1.0,12,0.93,0,1,0,1,0,1,-5.0
4,29,8,0.808,2,2,2,4,-1,0,0,0,1,0,0.0,1,1,50.0,1,0,0,0.0,,.,.,0,1,.,.,0,1,-5.0
4,29,8,0.808,2,2,2,4,-1,0,0,0,1,0,0.0,0,1,40.0,1,0,0,0.0,,.,.,0,1,.,.,0,1,-5.0
4,29,8,0.808,2,2,2,4,-1,0,0,0,1,0,0.0,0,1,45.0,0,0,0,0.0,,.,.,0,1,.,.,0,1,-5.0
4,29,8,0.808,2,2,2,4,-1,0,0,0,1,0,0.0,0,1,40.0,1,0,0,0.0,,.,.,0,1,.,.,0,1,-5.0
4,29,8,0.808,2,2,2,4,-1,0,0,0,1,0,0.0,1,1,20.0,0,0,0,0.0,,.,.,0,1,.,.,0,1,-5.0
4,29,8,0.808,2,2,2,4,-1,0,0,0,1,0,0.0,1,1,40.0,0,0,0,0.0,,.,.,0,1,.,.,0,1,-5.0
4,29,8,0.808,2,2,2,4,-1,0,0,0,1,0,1.0,1,1,20.0,0,0,0,0.0,,.,.,0,1,.,.,0,1,-4.0
4,29,8,0.808,2,2,2,4,-1,0,0,0,1,0,5.0,0,1,50.0,0,0,0,0.0,,.,.,0,1,.,.,0,1,0.0
4,29,8,0.808,2,2,2,4,-1,0,0,0,1,0,5.0,0,0,45.0,0,0,0,0.0,,.,.,0,1,.,.,0,1,0.0
4,29,8,0.808,2,2,2,4,-1,0,0,0,1,0,10.0,0,0,45.0,0,0,0,0.0,,.,.,0,1,.,.,0,1,5.0
4,29,8,0.808,2,2,2,4,-1,0,0,0,1,0,10.0,0,1,40.0,0,0,0,0.0,,.,.,0,1,.,.,0,1,5.0
4,29,8,0.808,2,2,2,4,-1,0,0,0,1,0,12.0,1,1,50.0,0,0,0,0.0,,.,.,0,1,.,.,0,1,7.0
4,29,8,0.808,2,2,2,4,-1,0,0,0,1,0,15.0,0,1,30.0,0,0,0,0.0,,.,.,0,1,.,.,0,1,10.0
4,29,8,0.808,2,2,2,4,-1,0,0,0,1,0,20.0,1,1,50.0,0,0,0,0.0,,.,.,0,1,.,.,0,1,15.0
4,29,8,0.808,2,2,2,4,-1,0,0,0,1,0,20.0,1,1,70.0,0,0,0,0.0,,.,.,0,1,.,.,0,1,15.0
4,22,8,0.808,2,2,2,4,-1,0,1,0,0,0,0.0,0,1,35.0,0,0,0,0.0,,.,.,0,1,.,.,1,0,-0.1
4,22,8,0.808,2,2,2,4,-1,0,1,0,0,0,0.0,1,1,40.0,0,0,0,0.0,,.,.,0,1,.,.,1,0,-0.1
4,22,8,0.808,2,2,2,4,-1,0,1,0,0,0,0.0,0,1,20.0,0,0,0,0.0,,.,.,0,1,.,.,1,0,-0.1
4,22,8,0.808,2,2,2,4,-1,0,1,0,0,0,0.0,0,1,45.0,0,0,0,0.0,,.,.,0,1,.,.,1,0,-0.1
4,22,8,0.808,2,2,2,4,-1,0,1,0,0,0,0.0,0,1,50.0,1,0,0,0.0,,.,.,0,1,.,.,1,0,-0.1
4,22,8,0.808,2,2,2,4,-1,0,1,0,0,0,0.0,0,1,45.0,1,0,0,0.0,,.,.,0,1,.,.,1,0,-0.1
4,22,8,0.808,2,2,2,4,-1,0,1,0,0,0,0.0,0,1,50.0,0,0,0,0.0,,.,.,0,1,.,.,1,0,-0.1
4,22,8,0.808,2,2,2,4,-1,0,1,0,0,0,0.0,0,1,45.0,0,0,0,0.0,,.,.,0,1,.,.,1,0,-0.1
4,22,8,0.808,2,2,2,4,-1,0,1,0,0,0,20.0,1,1,45.0,1,0,0,0.0,,.,.,0,1,.,.,1,0,19.9
4,29,9,0.627,5,1,6,7,6,1,0,0,0,0,0.0,1,1,40.0,0,1,0,0.0,4.0,3,-1.07,1,0,0,0,0,0,0.0
4,29,9,0.627,5,1,6,7,6,1,0,0,0,0,2.0,0,1,35.0,0,1,1,5.0,3.0,46,-0.45,1,0,1,1,0,0,2.0
4,29,9,0.627,5,1,6,7,6,1,0,0,0,0,5.0,0,1,35.0,0,1,1,1.0,3.0,46,-0.45,1,0,1,1,0,0,5.0
4,22,9,0.627,5,1,6,7,6,0,1,0,0,0,0.0,0,1,34.0,0,1,0,0.0,4.0,34,-0.27,1,0,1,1,1,0,-0.1
4,22,9,0.627,5,1,6,7,6,0,1,0,0,0,0.0,1,1,35.0,0,1,1,3.0,4.0,36,0.11,1,0,1,1,1,0,-0.1
4,22,9,0.627,5,1,6,7,6,0,1,0,0,0,0.0,1,0,40.0,0,1,0,0.0,3.0,36,0.11,1,0,1,1,1,0,-0.1
4,29,9,0.627,5,1,6,7,6,1,0,0,0,0,0.0,0,1,40.0,0,1,0,0.0,3.0,44,0.13,1,0,0,0,0,0,0.0
4,29,9,0.627,5,1,6,7,6,1,0,0,0,0,0.0,0,1,60.0,0,1,0,0.0,3.0,44,0.13,1,0,0,0,0,0,0.0
4,29,9,0.627,5,1,6,7,6,1,0,0,0,0,0.0,1,1,65.0,0,1,0,0.0,1.0,9,0.64,1,0,1,1,0,0,0.0
4,29,9,0.627,5,1,6,7,6,1,0,0,0,0,0.0,0,1,45.0,0,1,0,0.0,4.0,28,0.85,1,0,0,1,0,0,0.0
4,29,9,0.627,5,1,6,7,6,1,0,0,0,0,0.0,1,1,24.0,0,1,0,0.0,1.0,13,1.19,1,0,0,1,0,0,0.0
4,22,9,0.627,5,1,6,7,6,0,1,0,0,0,0.0,0,1,57.0,1,0,0,0.0,,.,.,1,0,.,.,1,0,-0.1
4,22,9,0.627,5,1,6,7,6,0,1,0,0,0,0.0,1,1,40.0,0,0,0,0.0,,.,.,1,0,.,.,1,0,-0.1
4,22,9,0.627,5,1,6,7,6,0,1,0,0,0,0.0,1,1,40.0,0,0,0,0.0,,.,.,1,0,.,.,1,0,-0.1
4,22,9,0.627,5,1,6,7,6,0,1,0,0,0,0.0,0,1,40.0,0,0,0,0.0,,.,.,1,0,.,.,1,0,-0.1
4,22,9,0.627,5,1,6,7,6,0,1,0,0,0,5.0,0,1,40.0,1,0,0,0.0,,.,.,1,0,.,.,1,0,4.9
4,22,9,0.627,5,1,6,7,6,0,1,0,0,0,5.0,1,1,40.0,0,0,0,0.0,,.,.,1,0,.,.,1,0,4.9
4,22,9,0.627,5,1,6,7,6,0,1,0,0,0,8.0,0,1,46.0,0,0,0,0.0,,.,.,1,0,.,.,1,0,7.9
4,22,9,0.627,5,1,6,7,6,0,1,0,0,0,10.0,0,1,60.0,0,0,0,0.0,,.,.,1,0,.,.,1,0,9.9
4,22,9,0.627,5,1,6,7,6,0,1,0,0,0,20.0,1,1,37.0,0,0,0,0.0,,.,.,1,0,.,.,1,0,19.9
4,22,9,0.627,5,1,6,7,6,0,1,0,0,0,20.0,0,1,35.0,1,0,0,0.0,,.,.,1,0,.,.,1,0,19.9
4,29,9,0.627,5,1,6,7,6,1,0,0,0,0,0.0,1,1,45.0,0,0,0,0.0,,.,.,1,0,.,.,0,0,0.0
4,29,9,0.627,5,1,6,7,6,1,0,0,0,0,0.0,0,1,28.0,0,0,0,0.0,,.,.,1,0,.,.,0,0,0.0
4,29,9,0.627,5,1,6,7,6,1,0,0,0,0,0.0,0,1,50.0,0,0,0,0.0,,.,.,1,0,.,.,0,0,0.0
4,29,9,0.627,5,1,6,7,6,1,0,0,0,0,0.0,0,1,47.0,0,0,0,0.0,,.,.,1,0,.,.,0,0,0.0
4,29,9,0.627,5,1,6,7,6,1,0,0,0,0,0.0,1,1,40.0,0,0,0,0.0,,.,.,1,0,.,.,0,0,0.0
4,29,9,0.627,5,1,6,7,6,1,0,0,0,0,0.0,0,1,40.0,0,0,0,0.0,,.,.,1,0,.,.,0,0,0.0
4,29,9,0.627,5,1,6,7,6,1,0,0,0,0,0.0,1,0,32.0,0,0,0,0.0,,.,.,1,0,.,.,0,0,0.0
4,29,9,0.627,5,1,6,7,6,1,0,0,0,0,0.0,1,1,55.0,0,0,0,0.0,,.,.,1,0,.,.,0,0,0.0
4,29,9,0.627,5,1,6,7,6,1,0,0,0,0,0.0,1,1,55.0,0,0,0,0.0,,.,.,1,0,.,.,0,0,0.0
4,29,9,0.627,5,1,6,7,6,1,0,0,0,0,5.0,0,1,40.0,0,0,0,0.0,,.,.,1,0,.,.,0,0,5.0
4,22,11,-0.483,5,4,2,7,5,1,0,0,0,0,0.0,1,1,40.0,0,1,0,0.0,3.0,24,-0.03,0,1,0,0,0,0,0.0
4,22,11,-0.483,5,4,2,7,5,1,0,0,0,0,1.0,0,1,30.0,0,1,0,0.0,3.0,23,0.23,0,1,1,1,0,0,1.0
4,22,11,-0.483,5,4,2,7,5,1,0,0,0,0,0.0,0,1,50.0,0,0,0,0.0,,.,.,0,1,.,.,0,0,0.0
4,22,11,-0.483,5,4,2,7,5,1,0,0,0,0,0.0,1,1,50.0,0,0,0,0.0,,.,.,0,1,.,.,0,0,0.0
4,22,11,-0.483,5,4,2,7,5,1,0,0,0,0,0.0,1,1,30.0,0,0,0,0.0,,.,.,0,1,.,.,0,0,0.0
4,22,11,-0.483,5,4,2,7,5,1,0,0,0,0,0.0,1,1,20.0,0,0,0,0.0,,.,.,0,1,.,.,0,0,0.0
4,22,11,-0.483,5,4,2,7,5,1,0,0,0,0,0.0,0,1,60.0,0,0,0,0.0,,.,.,0,1,.,.,0,0,0.0
4,22,11,-0.483,5,4,2,7,5,1,0,0,0,0,0.0,1,1,30.0,0,0,0,0.0,,.,.,0,1,.,.,0,0,0.0
4,22,11,-0.483,5,4,2,7,5,1,0,0,0,0,0.0,0,1,50.0,0,0,0,0.0,,.,.,0,1,.,.,0,0,0.0
4,22,11,-0.483,5,4,2,7,5,1,0,0,0,0,0.0,1,0,30.0,0,0,0,0.0,,.,.,0,1,.,.,0,0,0.0
4,22,11,-0.483,5,4,2,7,5,1,0,0,0,0,0.0,1,1,50.0,0,0,0,0.0,,.,.,0,1,.,.,0,0,0.0
4,22,11,-0.483,5,4,2,7,5,1,0,0,0,0,0.0,1,1,30.0,0,0,0,0.0,,.,.,0,1,.,.,0,0,0.0
4,29,12,-0.05,6,3,4,4,6,0,0,0,1,0,8.0,0,1,40.0,0,1,1,5.0,3.0,46,-0.45,0,1,1,1,0,1,3.0
4,29,12,-0.05,6,3,4,4,6,0,0,0,1,0,0.0,1,0,40.0,1,1,1,1.0,3.0,45,-0.37,0,1,0,0,0,1,-5.0
4,29,12,-0.05,6,3,4,4,6,0,0,0,1,0,20.0,0,1,30.0,0,1,0,0.0,2.0,21,-0.18,0,1,0,1,0,1,15.0
4,29,12,-0.05,6,3,4,4,6,0,0,0,1,0,0.0,1,1,70.0,0,1,1,20.0,1.0,14,0.09,0,1,1,1,0,1,-5.0
4,22,12,-0.05,6,3,4,4,6,0,1,0,0,0,0.0,0,1,60.0,0,1,1,10.0,4.0,36,0.11,0,1,1,1,1,0,-0.1
4,29,12,-0.05,6,3,4,4,6,0,0,0,1,0,20.0,0,1,30.0,0,1,0,0.0,2.0,20,0.61,0,1,0,1,0,1,15.0
4,29,12,-0.05,6,3,4,4,6,0,0,0,1,0,0.0,0,0,30.0,0,1,1,1.0,4.0,27,0.64,0,1,1,0,0,1,-5.0
4,29,12,-0.05,6,3,4,4,6,0,0,0,1,0,1.0,0,1,70.0,0,1,0,0.0,4.0,27,0.64,0,1,1,0,0,1,-4.0
4,29,12,-0.05,6,3,4,4,6,0,0,0,1,0,20.0,0,1,40.0,0,1,0,0.0,4.0,27,0.64,0,1,1,0,0,1,15.0
4,29,12,-0.05,6,3,4,4,6,0,0,0,1,0,25.0,1,1,40.0,0,1,1,5.0,4.0,28,0.85,0,1,0,1,0,1,20.0
4,29,12,-0.05,6,3,4,4,6,0,0,0,1,0,0.0,0,1,50.0,1,1,0,0.0,1.0,12,0.93,0,1,0,1,0,1,-5.0
4,29,12,-0.05,6,3,4,4,6,0,0,0,1,0,5.0,1,1,40.0,0,1,1,3.0,1.0,12,0.93,0,1,0,1,0,1,0.0
4,29,12,-0.05,6,3,4,4,6,0,0,0,1,0,10.0,0,1,60.0,1,1,0,0.0,1.0,13,1.19,0,1,0,1,0,1,5.0
4,29,12,-0.05,6,3,4,4,6,0,0,0,1,0,0.0,1,1,40.0,0,0,0,0.0,,.,.,0,1,.,.,0,1,-5.0
4,29,12,-0.05,6,3,4,4,6,0,0,0,1,0,0.0,0,1,40.0,1,0,0,0.0,,.,.,0,1,.,.,0,1,-5.0
4,29,12,-0.05,6,3,4,4,6,0,0,0,1,0,0.0,0,1,70.0,0,0,0,0.0,,.,.,0,1,.,.,0,1,-5.0
4,29,12,-0.05,6,3,4,4,6,0,0,0,1,0,0.0,1,1,30.0,1,0,0,0.0,,.,.,0,1,.,.,0,1,-5.0
4,29,12,-0.05,6,3,4,4,6,0,0,0,1,0,0.0,0,1,60.0,0,0,0,0.0,,.,.,0,1,.,.,0,1,-5.0
4,29,12,-0.05,6,3,4,4,6,0,0,0,1,0,0.0,1,1,40.0,0,0,0,0.0,,.,.,0,1,.,.,0,1,-5.0
4,29,12,-0.05,6,3,4,4,6,0,0,0,1,0,0.0,1,1,40.0,1,0,0,0.0,,.,.,0,1,.,.,0,1,-5.0
4,29,12,-0.05,6,3,4,4,6,0,0,0,1,0,0.0,1,1,30.0,1,0,0,0.0,,.,.,0,1,.,.,0,1,-5.0
4,29,12,-0.05,6,3,4,4,6,0,0,0,1,0,0.0,1,1,40.0,1,0,0,0.0,,.,.,0,1,.,.,0,1,-5.0
4,29,12,-0.05,6,3,4,4,6,0,0,0,1,0,0.0,0,1,40.0,0,0,0,0.0,,.,.,0,1,.,.,0,1,-5.0
4,29,12,-0.05,6,3,4,4,6,0,0,0,1,0,7.0,1,1,40.0,0,0,0,0.0,,.,.,0,1,.,.,0,1,2.0
4,29,12,-0.05,6,3,4,4,6,0,0,0,1,0,20.0,0,1,30.0,0,0,0,0.0,,.,.,0,1,.,.,0,1,15.0
4,29,12,-0.05,6,3,4,4,6,0,0,0,1,0,25.0,1,1,60.0,0,0,0,0.0,,.,.,0,1,.,.,0,1,20.0
4,22,12,-0.05,6,3,4,4,6,0,1,0,0,0,0.0,1,1,60.0,1,0,0,0.0,,.,.,0,1,.,.,1,0,-0.1
4,22,12,-0.05,6,3,4,4,6,0,1,0,0,0,0.0,0,1,60.0,0,0,0,0.0,,.,.,0,1,.,.,1,0,-0.1
4,22,12,-0.05,6,3,4,4,6,0,1,0,0,0,0.0,0,1,60.0,0,0,0,0.0,,.,.,0,1,.,.,1,0,-0.1
4,22,12,-0.05,6,3,4,4,6,0,1,0,0,0,0.0,0,1,50.0,0,0,0,0.0,,.,.,0,1,.,.,1,0,-0.1
4,22,12,-0.05,6,3,4,4,6,0,1,0,0,0,0.0,0,1,40.0,0,0,0,0.0,,.,.,0,1,.,.,1,0,-0.1
4,22,12,-0.05,6,3,4,4,6,0,1,0,0,0,2.0,0,1,40.0,0,0,0,0.0,,.,.,0,1,.,.,1,0,1.9
4,22,12,-0.05,6,3,4,4,6,0,1,0,0,0,10.0,0,1,30.0,0,0,0,0.0,,.,.,0,1,.,.,1,0,9.9
4,29,13,-0.639,3,4,4,4,3,0,0,0,1,0,0.0,1,1,45.0,0,1,0,0.0,3.0,46,-0.45,0,0,1,1,0,1,-5.0
4,29,13,-0.639,3,4,4,4,3,0,0,0,1,0,0.0,0,1,60.0,0,1,0,0.0,3.0,46,-0.45,0,0,1,1,0,1,-5.0
4,29,13,-0.639,3,4,4,4,3,0,0,0,1,0,0.0,1,1,60.0,1,1,0,0.0,3.0,45,-0.37,0,0,0,0,0,1,-5.0
4,29,13,-0.639,3,4,4,4,3,0,0,0,1,0,0.0,0,1,45.0,1,1,1,2.0,3.0,45,-0.37,0,0,0,0,0,1,-5.0
4,29,13,-0.639,3,4,4,4,3,0,0,0,1,0,0.0,1,1,45.0,1,1,1,3.0,2.0,21,-0.18,0,0,0,1,0,1,-5.0
4,29,13,-0.639,3,4,4,4,3,0,0,0,1,0,0.0,1,1,50.0,1,1,0,0.0,1.0,14,0.09,0,0,1,1,0,1,-5.0
4,29,13,-0.639,3,4,4,4,3,0,0,0,1,0,20.0,0,1,50.0,0,1,0,0.0,1.0,15,0.27,0,0,0,0,0,1,15.0
4,29,13,-0.639,3,4,4,4,3,0,0,0,1,0,0.0,1,1,40.0,0,1,0,0.0,2.0,20,0.61,0,0,0,1,0,1,-5.0
4,29,13,-0.639,3,4,4,4,3,0,0,0,1,0,0.0,1,1,40.0,0,1,0,0.0,1.0,13,1.19,0,0,0,1,0,1,-5.0
4,29,13,-0.639,3,4,4,4,3,0,0,0,1,0,0.0,0,1,65.0,0,0,0,0.0,,.,.,0,0,.,.,0,1,-5.0
4,29,13,-0.639,3,4,4,4,3,0,0,0,1,0,0.0,1,1,55.0,1,0,0,0.0,,.,.,0,0,.,.,0,1,-5.0
4,29,13,-0.639,3,4,4,4,3,0,0,0,1,0,0.0,1,1,43.0,0,0,0,0.0,,.,.,0,0,.,.,0,1,-5.0
4,29,13,-0.639,3,4,4,4,3,0,0,0,1,0,0.0,0,1,45.0,0,0,0,0.0,,.,.,0,0,.,.,0,1,-5.0
4,29,13,-0.639,3,4,4,4,3,0,0,0,1,0,0.0,0,1,60.0,1,0,0,0.0,,.,.,0,0,.,.,0,1,-5.0
4,29,13,-0.639,3,4,4,4,3,0,0,0,1,0,0.0,1,0,43.0,0,0,0,0.0,,.,.,0,0,.,.,0,1,-5.0
4,29,13,-0.639,3,4,4,4,3,0,0,0,1,0,0.0,0,1,50.0,1,0,0,0.0,,.,.,0,0,.,.,0,1,-5.0
4,29,13,-0.639,3,4,4,4,3,0,0,0,1,0,0.0,1,1,45.0,1,0,0,0.0,,.,.,0,0,.,.,0,1,-5.0
4,29,13,-0.639,3,4,4,4,3,0,0,0,1,0,0.0,1,1,50.0,0,0,0,0.0,,.,.,0,0,.,.,0,1,-5.0
4,29,13,-0.639,3,4,4,4,3,0,0,0,1,0,0.0,1,1,40.0,1,0,0,0.0,,.,.,0,0,.,.,0,1,-5.0
4,29,13,-0.639,3,4,4,4,3,0,0,0,1,0,0.0,1,1,55.0,1,0,0,0.0,,.,.,0,0,.,.,0,1,-5.0
4,29,13,-0.639,3,4,4,4,3,0,0,0,1,0,0.0,0,0,45.0,1,0,0,0.0,,.,.,0,0,.,.,0,1,-5.0
4,29,13,-0.639,3,4,4,4,3,0,0,0,1,0,0.0,0,1,40.0,1,0,0,0.0,,.,.,0,0,.,.,0,1,-5.0
4,29,13,-0.639,3,4,4,4,3,0,0,0,1,0,5.0,0,0,50.0,0,0,0,0.0,,.,.,0,0,.,.,0,1,0.0
4,29,13,-0.639,3,4,4,4,3,0,0,0,1,0,5.0,0,1,30.0,0,0,0,0.0,,.,.,0,0,.,.,0,1,0.0
4,29,13,-0.639,3,4,4,4,3,0,0,0,1,0,5.0,0,1,50.0,0,0,0,0.0,,.,.,0,0,.,.,0,1,0.0
4,29,13,-0.639,3,4,4,4,3,0,0,0,1,0,10.0,1,1,55.0,0,0,0,0.0,,.,.,0,0,.,.,0,1,5.0
4,22,17,0.326,3,2,1,3,3,1,0,0,0,0,0.0,0,0,40.0,0,1,0,0.0,3.0,24,-0.03,0,0,0,0,0,0,0.0
4,22,17,0.326,3,2,1,3,3,1,0,0,0,0,0.0,0,1,40.0,0,1,0,0.0,3.0,22,0.23,0,0,1,1,0,0,0.0
4,22,17,0.326,3,2,1,3,3,1,0,0,0,0,25.0,0,1,35.0,0,1,1,20.0,3.0,22,0.23,0,0,1,1,0,0,25.0
4,22,17,0.326,3,2,1,3,3,1,0,0,0,0,0.0,0,1,20.0,0,1,0,0.0,3.0,23,0.23,0,0,1,1,0,0,0.0
4,22,17,0.326,3,2,1,3,3,1,0,0,0,0,0.0,1,1,40.0,0,1,1,1.0,3.0,25,0.42,0,0,0,1,0,0,0.0
4,22,17,0.326,3,2,1,3,3,1,0,0,0,0,0.0,1,1,40.0,0,0,0,0.0,,.,.,0,0,.,.,0,0,0.0
4,22,17,0.326,3,2,1,3,3,1,0,0,0,0,0.0,0,1,50.0,0,0,0,0.0,,.,.,0,0,.,.,0,0,0.0
4,22,17,0.326,3,2,1,3,3,1,0,0,0,0,0.0,1,1,50.0,0,0,0,0.0,,.,.,0,0,.,.,0,0,0.0
4,22,17,0.326,3,2,1,3,3,1,0,0,0,0,0.0,0,1,40.0,0,0,0,0.0,,.,.,0,0,.,.,0,0,0.0
4,22,17,0.326,3,2,1,3,3,1,0,0,0,0,10.0,1,0,40.0,0,0,0,0.0,,.,.,0,0,.,.,0,0,10.0
4,22,18,0.498,5,4,5,6,6,1,0,0,0,0,0.0,0,1,40.0,0,1,1,2.0,1.0,11,-0.89,0,1,1,0,0,0,0.0
4,22,18,0.498,5,4,5,6,6,1,0,0,0,0,0.0,0,1,50.0,0,1,0,0.0,1.0,14,0.09,0,1,1,1,0,0,0.0
4,22,18,0.498,5,4,5,6,6,1,0,0,0,0,0.0,1,1,40.0,0,1,0,0.0,1.0,14,0.09,0,1,1,1,0,0,0.0
4,22,18,0.498,5,4,5,6,6,1,0,0,0,0,5.0,1,1,60.0,0,1,0,0.0,1.0,14,0.09,0,1,1,1,0,0,5.0
4,22,18,0.498,5,4,5,6,6,1,0,0,0,0,25.0,1,1,20.0,0,1,1,5.0,1.0,14,0.09,0,1,1,1,0,0,25.0
4,22,18,0.498,5,4,5,6,6,1,0,0,0,0,0.0,0,1,40.0,0,1,0,0.0,1.0,15,0.27,0,1,0,0,0,0,0.0
4,22,18,0.498,5,4,5,6,6,1,0,0,0,0,0.0,0,1,30.0,0,1,0,0.0,1.0,12,0.93,0,1,0,1,0,0,0.0
4,22,18,0.498,5,4,5,6,6,1,0,0,0,0,0.0,1,1,20.0,0,1,0,0.0,1.0,13,1.19,0,1,0,1,0,0,0.0
4,22,18,0.498,5,4,5,6,6,1,0,0,0,0,5.0,0,1,30.0,0,1,1,2.0,1.0,13,1.19,0,1,0,1,0,0,5.0
4,22,18,0.498,5,4,5,6,6,1,0,0,0,0,0.0,0,1,20.0,0,0,0,0.0,,.,.,0,1,.,.,0,0,0.0
4,22,18,0.498,5,4,5,6,6,1,0,0,0,0,0.0,1,1,70.0,0,0,0,0.0,,.,.,0,1,.,.,0,0,0.0
4,22,18,0.498,5,4,5,6,6,1,0,0,0,0,0.0,0,1,30.0,0,0,0,0.0,,.,.,0,1,.,.,0,0,0.0
4,22,18,0.498,5,4,5,6,6,1,0,0,0,0,0.0,0,1,30.0,0,0,0,0.0,,.,.,0,1,.,.,0,0,0.0
4,22,18,0.498,5,4,5,6,6,1,0,0,0,0,4.0,1,1,40.0,0,0,0,0.0,,.,.,0,1,.,.,0,0,4.0
4,22,18,0.498,5,4,5,6,6,1,0,0,0,0,5.0,1,1,20.0,0,0,0,0.0,,.,.,0,1,.,.,0,0,5.0
4,22,18,0.498,5,4,5,6,6,1,0,0,0,0,6.0,1,1,40.0,0,0,0,0.0,,.,.,0,1,.,.,0,0,6.0
4,22,18,0.498,5,4,5,6,6,1,0,0,0,0,10.0,1,1,50.0,0,0,0,0.0,,.,.,0,1,.,.,0,0,10.0
4,22,20,-0.802,7,3,6,7,6,1,0,0,0,0,4.0,1,1,60.0,0,1,1,2.0,3.0,23,0.23,0,1,1,1,0,0,4.0
4,22,20,-0.802,7,3,6,7,6,1,0,0,0,0,0.0,0,1,50.0,0,1,0,0.0,3.0,25,0.42,0,1,0,1,0,0,0.0
4,22,20,-0.802,7,3,6,7,6,1,0,0,0,0,0.0,0,1,60.0,0,1,1,5.0,3.0,25,0.42,0,1,0,1,0,0,0.0
4,22,20,-0.802,7,3,6,7,6,1,0,0,0,0,3.0,0,1,70.0,0,1,1,2.0,3.0,25,0.42,0,1,0,1,0,0,3.0
4,22,20,-0.802,7,3,6,7,6,1,0,0,0,0,0.0,0,1,20.0,0,0,0,0.0,,.,.,0,1,.,.,0,0,0.0
4,22,20,-0.802,7,3,6,7,6,1,0,0,0,0,0.0,1,1,30.0,0,0,0,0.0,,.,.,0,1,.,.,0,0,0.0
4,22,20,-0.802,7,3,6,7,6,1,0,0,0,0,0.0,0,1,20.0,0,0,0,0.0,,.,.,0,1,.,.,0,0,0.0
4,22,20,-0.802,7,3,6,7,6,1,0,0,0,0,0.0,1,1,30.0,0,0,0,0.0,,.,.,0,1,.,.,0,0,0.0
4,22,20,-0.802,7,3,6,7,6,1,0,0,0,0,0.0,0,1,50.0,0,0,0,0.0,,.,.,0,1,.,.,0,0,0.0
4,22,20,-0.802,7,3,6,7,6,1,0,0,0,0,3.0,0,1,40.0,0,0,0,0.0,,.,.,0,1,.,.,0,0,3.0
4,22,20,-0.802,7,3,6,7,6,1,0,0,0,0,5.0,0,1,20.0,0,0,0,0.0,,.,.,0,1,.,.,0,0,5.0
4,29,22,-0.162,5,5,4,7,5,1,0,0,0,0,25.0,1,1,50.0,0,1,1,5.0,4.0,2,-0.81,0,0,0,0,0,0,25.0
4,22,22,-0.162,5,5,4,7,5,0,1,0,0,0,1.0,0,1,60.0,0,1,1,2.0,4.0,35,-0.57,0,0,0,1,1,0,0.9
4,29,22,-0.162,5,5,4,7,5,1,0,0,0,0,0.0,0,1,30.0,0,1,1,1.5,3.0,46,-0.45,0,0,1,1,0,0,0.0
4,29,22,-0.162,5,5,4,7,5,1,0,0,0,0,0.0,1,1,5.0,0,1,1,5.0,3.0,46,-0.45,0,0,1,1,0,0,0.0
4,29,22,-0.162,5,5,4,7,5,1,0,0,0,0,0.0,1,1,40.0,0,1,0,0.0,3.0,45,-0.37,0,0,0,0,0,0,0.0
4,29,22,-0.162,5,5,4,7,5,1,0,0,0,0,0.0,1,1,30.0,0,1,1,3.0,3.0,45,-0.37,0,0,0,0,0,0,0.0
4,29,22,-0.162,5,5,4,7,5,1,0,0,0,0,0.0,1,1,70.0,0,1,1,5.0,3.0,45,-0.37,0,0,0,0,0,0,0.0
4,22,22,-0.162,5,5,4,7,5,0,1,0,0,0,0.0,0,1,50.0,1,1,0,0.0,3.0,34,-0.27,0,0,1,1,1,0,-0.1
4,22,22,-0.162,5,5,4,7,5,0,1,0,0,0,0.0,0,1,40.0,1,1,0,0.0,3.0,34,-0.27,0,0,1,1,1,0,-0.1
4,29,22,-0.162,5,5,4,7,5,1,0,0,0,0,5.0,0,1,30.0,0,1,1,3.0,4.0,28,0.85,0,0,0,1,0,0,5.0
4,22,22,-0.162,5,5,4,7,5,0,1,0,0,0,0.0,0,1,60.0,0,0,0,0.0,,.,.,0,0,.,.,1,0,-0.1
4,22,22,-0.162,5,5,4,7,5,0,1,0,0,0,0.0,0,1,30.0,0,0,0,0.0,,.,.,0,0,.,.,1,0,-0.1
4,22,22,-0.162,5,5,4,7,5,0,1,0,0,0,0.0,1,1,20.0,0,0,0,0.0,,.,.,0,0,.,.,1,0,-0.1
4,22,22,-0.162,5,5,4,7,5,0,1,0,0,0,0.0,1,1,40.0,0,0,0,0.0,,.,.,0,0,.,.,1,0,-0.1
4,22,22,-0.162,5,5,4,7,5,0,1,0,0,0,0.0,1,0,40.0,1,0,0,0.0,,.,.,0,0,.,.,1,0,-0.1
4,22,22,-0.162,5,5,4,7,5,0,1,0,0,0,0.0,0,1,50.0,0,0,0,0.0,,.,.,0,0,.,.,1,0,-0.1
4,22,22,-0.162,5,5,4,7,5,0,1,0,0,0,0.0,0,1,70.0,0,0,0,0.0,,.,.,0,0,.,.,1,0,-0.1
4,22,22,-0.162,5,5,4,7,5,0,1,0,0,0,0.0,0,1,30.0,1,0,0,0.0,,.,.,0,0,.,.,1,0,-0.1
4,22,22,-0.162,5,5,4,7,5,0,1,0,0,0,0.0,1,1,50.0,1,0,0,0.0,,.,.,0,0,.,.,1,0,-0.1
4,22,22,-0.162,5,5,4,7,5,0,1,0,0,0,0.0,1,1,50.0,1,0,0,0.0,,.,.,0,0,.,.,1,0,-0.1
4,22,22,-0.162,5,5,4,7,5,0,1,0,0,0,2.0,1,1,40.0,0,0,0,0.0,,.,.,0,0,.,.,1,0,1.9
4,22,22,-0.162,5,5,4,7,5,0,1,0,0,0,11.0,0,0,30.0,0,0,0,0.0,,.,.,0,0,.,.,1,0,10.9
4,29,22,-0.162,5,5,4,7,5,1,0,0,0,0,0.0,0,1,50.0,0,0,0,0.0,,.,.,0,0,.,.,0,0,0.0
4,29,22,-0.162,5,5,4,7,5,1,0,0,0,0,0.0,1,1,60.0,0,0,0,0.0,,.,.,0,0,.,.,0,0,0.0
4,29,22,-0.162,5,5,4,7,5,1,0,0,0,0,0.0,1,1,60.0,0,0,0,0.0,,.,.,0,0,.,.,0,0,0.0
4,29,22,-0.162,5,5,4,7,5,1,0,0,0,0,0.0,0,1,50.0,0,0,0,0.0,,.,.,0,0,.,.,0,0,0.0
4,29,22,-0.162,5,5,4,7,5,1,0,0,0,0,0.0,0,1,50.0,0,0,0,0.0,,.,.,0,0,.,.,0,0,0.0
4,29,22,-0.162,5,5,4,7,5,1,0,0,0,0,0.0,1,1,60.0,0,0,0,0.0,,.,.,0,0,.,.,0,0,0.0
4,29,22,-0.162,5,5,4,7,5,1,0,0,0,0,0.0,0,1,30.0,0,0,0,0.0,,.,.,0,0,.,.,0,0,0.0
4,29,22,-0.162,5,5,4,7,5,1,0,0,0,0,0.0,0,1,30.0,0,0,0,0.0,,.,.,0,0,.,.,0,0,0.0
4,29,22,-0.162,5,5,4,7,5,1,0,0,0,0,1.5,0,0,30.0,0,0,0,0.0,,.,.,0,0,.,.,0,0,1.5
4,29,22,-0.162,5,5,4,7,5,1,0,0,0,0,10.0,1,1,3.0,0,0,0,0.0,,.,.,0,0,.,.,0,0,10.0
4,29,22,-0.162,5,5,4,7,5,1,0,0,0,0,20.0,0,1,40.0,0,0,0,0.0,,.,.,0,0,.,.,0,0,20.0
4,29,23,0.259,1,4,3,2,3,0,1,0,0,0,0.0,0,1,60.0,0,1,1,3.0,2.0,20,0.61,0,0,0,1,1,0,-0.1
4,29,23,0.259,1,4,3,2,3,0,1,0,0,0,0.0,1,1,60.0,0,1,0,0.0,4.0,27,0.64,0,0,1,0,1,0,-0.1
4,29,23,0.259,1,4,3,2,3,0,1,0,0,0,0.0,1,0,40.0,0,0,0,0.0,,.,.,0,0,.,.,1,0,-0.1
4,29,23,0.259,1,4,3,2,3,0,1,0,0,0,0.0,0,0,40.0,0,0,0,0.0,,.,.,0,0,.,.,1,0,-0.1
4,29,23,0.259,1,4,3,2,3,0,1,0,0,0,0.0,0,1,40.0,0,0,0,0.0,,.,.,0,0,.,.,1,0,-0.1
4,29,23,0.259,1,4,3,2,3,0,1,0,0,0,0.0,1,1,45.0,0,0,0,0.0,,.,.,0,0,.,.,1,0,-0.1
4,29,23,0.259,1,4,3,2,3,0,1,0,0,0,0.0,0,1,40.0,0,0,0,0.0,,.,.,0,0,.,.,1,0,-0.1
4,29,23,0.259,1,4,3,2,3,0,1,0,0,0,0.0,1,1,50.0,0,0,0,0.0,,.,.,0,0,.,.,1,0,-0.1
4,29,23,0.259,1,4,3,2,3,0,1,0,0,0,0.0,0,1,45.0,1,0,0,0.0,,.,.,0,0,.,.,1,0,-0.1
4,29,23,0.259,1,4,3,2,3,0,1,0,0,0,0.0,0,1,60.0,0,0,0,0.0,,.,.,0,0,.,.,1,0,-0.1
4,29,23,0.259,1,4,3,2,3,0,1,0,0,0,0.0,0,1,40.0,0,0,0,0.0,,.,.,0,0,.,.,1,0,-0.1
4,29,23,0.259,1,4,3,2,3,0,1,0,0,0,0.0,0,1,60.0,0,0,0,0.0,,.,.,0,0,.,.,1,0,-0.1
4,29,23,0.259,1,4,3,2,3,0,1,0,0,0,0.0,1,1,40.0,0,0,0,0.0,,.,.,0,0,.,.,1,0,-0.1
4,29,23,0.259,1,4,3,2,3,0,1,0,0,0,0.0,0,1,60.0,0,0,0,0.0,,.,.,0,0,.,.,1,0,-0.1
4,29,23,0.259,1,4,3,2,3,0,1,0,0,0,0.0,0,1,50.0,0,0,0,0.0,,.,.,0,0,.,.,1,0,-0.1
4,29,23,0.259,1,4,3,2,3,0,1,0,0,0,0.0,0,1,50.0,0,0,0,0.0,,.,.,0,0,.,.,1,0,-0.1
4,29,24,0.023,4,5,4,5,5,0,1,0,0,0,0.0,0,1,80.0,0,1,1,1.0,2.0,21,-0.18,1,0,0,1,1,0,-0.1
4,22,24,0.023,4,5,4,5,5,1,0,0,0,0,0.0,0,1,70.0,0,1,1,5.0,1.0,10,-0.07,1,0,0,1,0,0,0.0
4,22,24,0.023,4,5,4,5,5,1,0,0,0,0,0.0,1,1,30.0,0,1,0,0.0,1.0,14,0.09,1,0,1,1,0,0,0.0
4,22,24,0.023,4,5,4,5,5,1,0,0,0,0,3.0,0,1,30.0,0,1,0,0.0,1.0,14,0.09,1,0,1,1,0,0,3.0
4,22,24,0.023,4,5,4,5,5,1,0,0,0,0,5.0,0,1,50.0,0,1,1,2.0,1.0,15,0.27,1,0,0,0,0,0,5.0
4,29,24,0.023,4,5,4,5,5,0,1,0,0,0,0.0,1,1,40.0,1,1,1,5.0,4.0,29,0.28,1,0,1,1,1,0,-0.1
4,29,24,0.023,4,5,4,5,5,0,1,0,0,0,5.0,1,1,30.0,0,1,1,5.0,4.0,28,0.85,1,0,0,1,1,0,4.9
4,22,24,0.023,4,5,4,5,5,1,0,0,0,0,10.0,1,1,40.0,0,1,0,0.0,1.0,12,0.93,1,0,0,1,0,0,10.0
4,22,24,0.023,4,5,4,5,5,1,0,0,0,0,0.0,0,1,40.0,0,1,0,0.0,1.0,13,1.19,1,0,0,1,0,0,0.0
4,22,24,0.023,4,5,4,5,5,1,0,0,0,0,10.0,1,1,40.0,0,1,1,5.0,1.0,13,1.19,1,0,0,1,0,0,10.0
4,29,24,0.023,4,5,4,5,5,0,1,0,0,0,0.0,1,1,20.0,0,0,0,0.0,,.,.,1,0,.,.,1,0,-0.1
4,29,24,0.023,4,5,4,5,5,0,1,0,0,0,0.0,0,1,60.0,1,0,0,0.0,,.,.,1,0,.,.,1,0,-0.1
4,29,24,0.023,4,5,4,5,5,0,1,0,0,0,0.0,0,1,30.0,0,0,0,0.0,,.,.,1,0,.,.,1,0,-0.1
4,29,24,0.023,4,5,4,5,5,0,1,0,0,0,0.0,0,1,30.0,1,0,0,0.0,,.,.,1,0,.,.,1,0,-0.1
4,29,24,0.023,4,5,4,5,5,0,1,0,0,0,0.0,1,1,50.0,1,0,0,0.0,,.,.,1,0,.,.,1,0,-0.1
4,29,24,0.023,4,5,4,5,5,0,1,0,0,0,2.0,1,0,25.0,0,0,0,0.0,,.,.,1,0,.,.,1,0,1.9
4,29,24,0.023,4,5,4,5,5,0,1,0,0,0,5.0,1,0,20.0,1,0,0,0.0,,.,.,1,0,.,.,1,0,4.9
4,29,24,0.023,4,5,4,5,5,0,1,0,0,0,10.0,1,1,40.0,1,0,0,0.0,,.,.,1,0,.,.,1,0,9.9
4,29,24,0.023,4,5,4,5,5,0,1,0,0,0,20.0,1,1,30.0,1,0,0,0.0,,.,.,1,0,.,.,1,0,19.9
4,29,24,0.023,4,5,4,5,5,0,1,0,0,0,20.0,1,1,25.0,1,0,0,0.0,,.,.,1,0,.,.,1,0,19.9
4,22,24,0.023,4,5,4,5,5,1,0,0,0,0,0.0,1,1,40.0,0,0,0,0.0,,.,.,1,0,.,.,0,0,0.0
4,22,24,0.023,4,5,4,5,5,1,0,0,0,0,0.0,0,1,25.0,0,0,0,0.0,,.,.,1,0,.,.,0,0,0.0
4,22,24,0.023,4,5,4,5,5,1,0,0,0,0,0.0,1,1,35.0,0,0,0,0.0,,.,.,1,0,.,.,0,0,0.0
4,22,24,0.023,4,5,4,5,5,1,0,0,0,0,0.0,1,1,50.0,0,0,0,0.0,,.,.,1,0,.,.,0,0,0.0
4,22,24,0.023,4,5,4,5,5,1,0,0,0,0,2.0,1,1,60.0,0,0,0,0.0,,.,.,1,0,.,.,0,0,2.0
4,22,24,0.023,4,5,4,5,5,1,0,0,0,0,5.0,1,1,25.0,0,0,0,0.0,,.,.,1,0,.,.,0,0,5.0
4,22,24,0.023,4,5,4,5,5,1,0,0,0,0,20.0,0,1,30.0,0,0,0,0.0,,.,.,1,0,.,.,0,0,20.0
4,22,24,0.023,4,5,4,5,5,1,0,0,0,0,20.0,1,1,40.0,0,0,0,0.0,,.,.,1,0,.,.,0,0,20.0
4,29,25,-1.037,6,3,6,7,0,0,1,0,0,0,0.0,0,1,40.0,0,1,0,0.0,2.0,19,0.46,1,0,1,1,1,0,-0.1
4,29,25,-1.037,6,3,6,7,0,0,1,0,0,0,0.0,1,1,40.0,0,1,1,1.0,4.0,27,0.64,1,0,1,0,1,0,-0.1
4,29,25,-1.037,6,3,6,7,0,0,1,0,0,0,0.0,1,0,30.0,0,1,0,0.0,2.0,17,0.96,1,0,0,1,1,0,-0.1
4,29,25,-1.037,6,3,6,7,0,0,1,0,0,0,0.0,0,1,20.0,0,0,0,0.0,,.,.,1,0,.,.,1,0,-0.1
4,29,25,-1.037,6,3,6,7,0,0,1,0,0,0,0.0,0,1,40.0,0,0,0,0.0,,.,.,1,0,.,.,1,0,-0.1
4,29,25,-1.037,6,3,6,7,0,0,1,0,0,0,0.0,0,1,25.0,0,0,0,0.0,,.,.,1,0,.,.,1,0,-0.1
4,29,25,-1.037,6,3,6,7,0,0,1,0,0,0,0.0,0,1,50.0,0,0,0,0.0,,.,.,1,0,.,.,1,0,-0.1
4,29,25,-1.037,6,3,6,7,0,0,1,0,0,0,0.0,1,1,20.0,0,0,0,0.0,,.,.,1,0,.,.,1,0,-0.1
4,29,25,-1.037,6,3,6,7,0,0,1,0,0,0,0.0,0,1,50.0,0,0,0,0.0,,.,.,1,0,.,.,1,0,-0.1
4,29,25,-1.037,6,3,6,7,0,0,1,0,0,0,0.0,1,1,45.0,0,0,0,0.0,,.,.,1,0,.,.,1,0,-0.1
4,29,25,-1.037,6,3,6,7,0,0,1,0,0,0,0.0,0,1,70.0,0,0,0,0.0,,.,.,1,0,.,.,1,0,-0.1
4,29,25,-1.037,6,3,6,7,0,0,1,0,0,0,0.0,0,1,30.0,0,0,0,0.0,,.,.,1,0,.,.,1,0,-0.1
4,29,25,-1.037,6,3,6,7,0,0,1,0,0,0,0.0,1,1,40.0,0,0,0,0.0,,.,.,1,0,.,.,1,0,-0.1
4,29,25,-1.037,6,3,6,7,0,0,1,0,0,0,0.0,0,1,60.0,1,0,0,0.0,,.,.,1,0,.,.,1,0,-0.1
4,29,26,-0.032,5,4,3,7,6,0,1,0,0,0,0.0,1,1,50.0,0,1,1,1.0,4.0,29,0.28,0,0,1,1,1,0,-0.1
4,29,26,-0.032,5,4,3,7,6,0,1,0,0,0,0.0,1,1,55.0,0,1,0,0.0,4.0,30,0.53,0,0,0,1,1,0,-0.1
4,29,26,-0.032,5,4,3,7,6,0,1,0,0,0,0.0,1,1,55.0,1,1,0,0.0,2.0,20,0.61,0,0,0,1,1,0,-0.1
4,29,26,-0.032,5,4,3,7,6,0,1,0,0,0,25.0,0,0,30.0,0,1,1,1.0,4.0,27,0.64,0,0,1,0,1,0,24.9
4,29,26,-0.032,5,4,3,7,6,0,1,0,0,0,0.0,0,0,40.0,0,1,0,0.0,2.0,17,0.96,0,0,0,1,1,0,-0.1
4,29,26,-0.032,5,4,3,7,6,0,1,0,0,0,0.0,0,1,50.0,0,0,0,0.0,,.,.,0,0,.,.,1,0,-0.1
4,29,26,-0.032,5,4,3,7,6,0,1,0,0,0,0.0,0,1,40.0,0,0,0,0.0,,.,.,0,0,.,.,1,0,-0.1
4,29,26,-0.032,5,4,3,7,6,0,1,0,0,0,0.0,0,1,35.0,0,0,0,0.0,,.,.,0,0,.,.,1,0,-0.1
4,29,26,-0.032,5,4,3,7,6,0,1,0,0,0,0.0,1,1,55.0,0,0,0,0.0,,.,.,0,0,.,.,1,0,-0.1
4,29,26,-0.032,5,4,3,7,6,0,1,0,0,0,0.0,1,1,40.0,0,0,0,0.0,,.,.,0,0,.,.,1,0,-0.1
4,29,26,-0.032,5,4,3,7,6,0,1,0,0,0,0.0,0,1,40.0,0,0,0,0.0,,.,.,0,0,.,.,1,0,-0.1
4,29,26,-0.032,5,4,3,7,6,0,1,0,0,0,0.0,1,1,50.0,0,0,0,0.0,,.,.,0,0,.,.,1,0,-0.1
4,29,26,-0.032,5,4,3,7,6,0,1,0,0,0,1.0,1,1,21.0,0,0,0,0.0,,.,.,0,0,.,.,1,0,0.9
4,29,26,-0.032,5,4,3,7,6,0,1,0,0,0,4.0,0,1,60.0,0,0,0,0.0,,.,.,0,0,.,.,1,0,3.9
4,29,26,-0.032,5,4,3,7,6,0,1,0,0,0,5.0,1,1,60.0,0,0,0,0.0,,.,.,0,0,.,.,1,0,4.9
4,29,26,-0.032,5,4,3,7,6,0,1,0,0,0,5.0,1,1,50.0,0,0,0,0.0,,.,.,0,0,.,.,1,0,4.9
4,29,26,-0.032,5,4,3,7,6,0,1,0,0,0,20.0,0,1,35.0,0,0,0,0.0,,.,.,0,0,.,.,1,0,19.9
5,6,4,-0.347,7,7,1,7,7,0,1,0,0,0,0.0,1,1,70.0,0,1,0,0.0,1.0,11,-0.89,0,0,1,0,1,0,-0.1
5,3,4,-0.347,7,7,1,7,7,1,0,0,0,0,0.0,1,1,50.0,0,1,0,0.0,1.0,11,-0.89,0,0,1,0,0,0,0.0
5,4,4,-0.347,7,7,1,7,7,1,0,0,0,0,0.0,0,1,30.0,0,1,0,0.0,1.0,11,-0.89,0,0,1,0,0,0,0.0
5,3,4,-0.347,7,7,1,7,7,1,0,0,0,0,0.0,0,1,40.0,0,1,0,0.0,1.0,10,-0.07,0,0,0,1,0,0,0.0
5,4,4,-0.347,7,7,1,7,7,1,0,0,0,0,0.0,1,1,80.0,0,1,1,10.0,1.0,10,-0.07,0,0,0,1,0,0,0.0
5,3,4,-0.347,7,7,1,7,7,1,0,0,0,0,5.0,1,1,65.0,0,1,0,0.0,1.0,10,-0.07,0,0,0,1,0,0,5.0
5,6,4,-0.347,7,7,1,7,7,0,1,0,0,0,1.0,0,1,70.0,0,1,1,1.0,4.0,53,0.09,0,0,0,0,1,0,0.9
5,6,4,-0.347,7,7,1,7,7,0,1,0,0,0,0.0,0,0,40.0,0,1,0,0.0,1.0,9,0.64,0,0,1,1,1,0,-0.1
5,6,4,-0.347,7,7,1,7,7,0,1,0,0,0,6.0,0,0,20.0,0,1,0,0.0,1.0,9,0.64,0,0,1,1,1,0,5.9
5,3,4,-0.347,7,7,1,7,7,1,0,0,0,0,0.0,1,1,50.0,0,1,0,0.0,1.0,9,0.64,0,0,1,1,0,0,0.0
5,4,4,-0.347,7,7,1,7,7,1,0,0,0,0,0.0,1,1,45.0,0,1,0,0.0,1.0,9,0.64,0,0,1,1,0,0,0.0
5,6,4,-0.347,7,7,1,7,7,0,1,0,0,0,0.0,1,1,40.0,0,1,0,0.0,4.0,51,0.72,0,0,0,1,1,0,-0.1
5,6,4,-0.347,7,7,1,7,7,0,1,0,0,0,0.0,0,1,20.0,0,0,0,0.0,,.,.,0,0,.,.,1,0,-0.1
5,6,4,-0.347,7,7,1,7,7,0,1,0,0,0,0.0,0,1,70.0,0,0,0,0.0,,.,.,0,0,.,.,1,0,-0.1
5,6,4,-0.347,7,7,1,7,7,0,1,0,0,0,0.0,1,1,50.0,0,0,0,0.0,,.,.,0,0,.,.,1,0,-0.1
5,6,4,-0.347,7,7,1,7,7,0,1,0,0,0,0.0,0,1,50.0,0,0,0,0.0,,.,.,0,0,.,.,1,0,-0.1
5,6,4,-0.347,7,7,1,7,7,0,1,0,0,0,0.0,0,1,45.0,0,0,0,0.0,,.,.,0,0,.,.,1,0,-0.1
5,6,4,-0.347,7,7,1,7,7,0,1,0,0,0,0.0,1,1,70.0,0,0,0,0.0,,.,.,0,0,.,.,1,0,-0.1
5,6,4,-0.347,7,7,1,7,7,0,1,0,0,0,0.0,0,1,45.0,0,0,0,0.0,,.,.,0,0,.,.,1,0,-0.1
5,6,4,-0.347,7,7,1,7,7,0,1,0,0,0,0.0,0,1,40.0,0,0,0,0.0,,.,.,0,0,.,.,1,0,-0.1
5,6,4,-0.347,7,7,1,7,7,0,1,0,0,0,0.0,1,0,50.0,0,0,0,0.0,,.,.,0,0,.,.,1,0,-0.1
5,6,4,-0.347,7,7,1,7,7,0,1,0,0,0,0.0,1,1,18.0,0,0,0,0.0,,.,.,0,0,.,.,1,0,-0.1
5,6,4,-0.347,7,7,1,7,7,0,1,0,0,0,0.0,1,1,50.0,0,0,0,0.0,,.,.,0,0,.,.,1,0,-0.1
5,6,4,-0.347,7,7,1,7,7,0,1,0,0,0,0.0,0,1,60.0,0,0,0,0.0,,.,.,0,0,.,.,1,0,-0.1
5,6,4,-0.347,7,7,1,7,7,0,1,0,0,0,0.0,0,1,40.0,0,0,0,0.0,,.,.,0,0,.,.,1,0,-0.1
5,6,4,-0.347,7,7,1,7,7,0,1,0,0,0,2.0,0,1,45.0,0,0,0,0.0,,.,.,0,0,.,.,1,0,1.9
5,6,4,-0.347,7,7,1,7,7,0,1,0,0,0,3.0,1,1,50.0,0,0,0,0.0,,.,.,0,0,.,.,1,0,2.9
5,6,4,-0.347,7,7,1,7,7,0,1,0,0,0,5.0,0,0,60.0,0,0,0,0.0,,.,.,0,0,.,.,1,0,4.9
5,6,4,-0.347,7,7,1,7,7,0,1,0,0,0,20.0,0,1,40.0,0,0,0,0.0,,.,.,0,0,.,.,1,0,19.9
5,3,4,-0.347,7,7,1,7,7,1,0,0,0,0,0.0,1,1,20.0,0,0,0,0.0,,.,.,0,0,.,.,0,0,0.0
5,3,4,-0.347,7,7,1,7,7,1,0,0,0,0,0.0,0,1,80.0,0,0,0,0.0,,.,.,0,0,.,.,0,0,0.0
5,3,4,-0.347,7,7,1,7,7,1,0,0,0,0,0.0,0,1,50.0,0,0,0,0.0,,.,.,0,0,.,.,0,0,0.0
5,3,4,-0.347,7,7,1,7,7,1,0,0,0,0,0.0,1,1,80.0,0,0,0,0.0,,.,.,0,0,.,.,0,0,0.0
5,3,4,-0.347,7,7,1,7,7,1,0,0,0,0,0.0,0,1,45.0,0,0,0,0.0,,.,.,0,0,.,.,0,0,0.0
5,3,4,-0.347,7,7,1,7,7,1,0,0,0,0,0.0,0,1,80.0,0,0,0,0.0,,.,.,0,0,.,.,0,0,0.0
5,3,4,-0.347,7,7,1,7,7,1,0,0,0,0,0.0,0,1,20.0,0,0,0,0.0,,.,.,0,0,.,.,0,0,0.0
5,3,4,-0.347,7,7,1,7,7,1,0,0,0,0,0.0,0,1,40.0,0,0,0,0.0,,.,.,0,0,.,.,0,0,0.0
5,3,4,-0.347,7,7,1,7,7,1,0,0,0,0,0.0,0,1,65.0,0,0,0,0.0,,.,.,0,0,.,.,0,0,0.0
5,3,4,-0.347,7,7,1,7,7,1,0,0,0,0,0.0,0,1,70.0,0,0,0,0.0,,.,.,0,0,.,.,0,0,0.0
5,3,4,-0.347,7,7,1,7,7,1,0,0,0,0,0.0,0,1,70.0,0,0,0,0.0,,.,.,0,0,.,.,0,0,0.0
5,4,4,-0.347,7,7,1,7,7,1,0,0,0,0,0.0,1,1,70.0,0,0,0,0.0,,.,.,0,0,.,.,0,0,0.0
5,4,4,-0.347,7,7,1,7,7,1,0,0,0,0,0.0,0,1,30.0,0,0,0,0.0,,.,.,0,0,.,.,0,0,0.0
5,4,4,-0.347,7,7,1,7,7,1,0,0,0,0,0.0,1,1,35.0,0,0,0,0.0,,.,.,0,0,.,.,0,0,0.0
5,4,4,-0.347,7,7,1,7,7,1,0,0,0,0,0.0,0,1,30.0,0,0,0,0.0,,.,.,0,0,.,.,0,0,0.0
5,4,4,-0.347,7,7,1,7,7,1,0,0,0,0,0.0,1,1,50.0,0,0,0,0.0,,.,.,0,0,.,.,0,0,0.0
5,4,4,-0.347,7,7,1,7,7,1,0,0,0,0,0.0,0,1,40.0,0,0,0,0.0,,.,.,0,0,.,.,0,0,0.0
5,4,4,-0.347,7,7,1,7,7,1,0,0,0,0,0.0,0,1,50.0,0,0,0,0.0,,.,.,0,0,.,.,0,0,0.0
5,4,4,-0.347,7,7,1,7,7,1,0,0,0,0,4.0,1,1,65.0,0,0,0,0.0,,.,.,0,0,.,.,0,0,4.0
5,6,7,0.185,7,8,7,4,8,0,0,0,1,0,0.0,0,0,60.0,1,1,0,0.0,3.0,38,-0.66,1,1,1,0,0,1,-5.0
5,6,7,0.185,7,8,7,4,8,0,0,0,1,0,10.0,0,1,40.0,0,1,1,2.0,3.0,38,-0.66,1,1,1,0,0,1,5.0
5,6,7,0.185,7,8,7,4,8,0,0,0,1,0,0.0,1,1,60.0,1,1,0,0.0,4.0,56,-0.49,1,1,0,1,0,1,-5.0
5,6,7,0.185,7,8,7,4,8,0,0,0,1,0,10.0,0,1,40.0,0,1,1,5.0,3.0,39,0,1,1,1,1,0,1,5.0
5,6,7,0.185,7,8,7,4,8,0,0,0,1,0,0.0,0,1,50.0,1,0,0,0.0,,.,.,1,1,.,.,0,1,-5.0
5,6,7,0.185,7,8,7,4,8,0,0,0,1,0,0.0,1,1,40.0,1,0,0,0.0,,.,.,1,1,.,.,0,1,-5.0
5,6,7,0.185,7,8,7,4,8,0,0,0,1,0,0.0,0,1,60.0,1,0,0,0.0,,.,.,1,1,.,.,0,1,-5.0
5,6,7,0.185,7,8,7,4,8,0,0,0,1,0,0.0,0,1,50.0,1,0,0,0.0,,.,.,1,1,.,.,0,1,-5.0
5,6,7,0.185,7,8,7,4,8,0,0,0,1,0,0.0,0,0,30.0,0,0,0,0.0,,.,.,1,1,.,.,0,1,-5.0
5,6,7,0.185,7,8,7,4,8,0,0,0,1,0,0.0,1,1,22.0,0,0,0,0.0,,.,.,1,1,.,.,0,1,-5.0
5,6,7,0.185,7,8,7,4,8,0,0,0,1,0,0.0,1,1,40.0,0,0,0,0.0,,.,.,1,1,.,.,0,1,-5.0
5,6,7,0.185,7,8,7,4,8,0,0,0,1,0,0.0,0,1,25.0,0,0,0,0.0,,.,.,1,1,.,.,0,1,-5.0
5,6,7,0.185,7,8,7,4,8,0,0,0,1,0,2.0,0,0,30.0,0,0,0,0.0,,.,.,1,1,.,.,0,1,-3.0
5,6,7,0.185,7,8,7,4,8,0,0,0,1,0,4.0,0,1,70.0,0,0,0,0.0,,.,.,1,1,.,.,0,1,-1.0
5,6,7,0.185,7,8,7,4,8,0,0,0,1,0,5.0,0,1,30.0,0,0,0,0.0,,.,.,1,1,.,.,0,1,0.0
5,6,7,0.185,7,8,7,4,8,0,0,0,1,0,5.0,1,1,30.0,0,0,0,0.0,,.,.,1,1,.,.,0,1,0.0
5,6,7,0.185,7,8,7,4,8,0,0,0,1,0,5.75,1,0,55.0,0,0,0,0.0,,.,.,1,1,.,.,0,1,0.75
5,3,12,-0.05,6,3,4,4,6,1,0,0,0,0,0.0,0,1,80.0,0,1,0,0.0,1.0,11,-0.89,0,1,1,0,0,0,0.0
5,3,12,-0.05,6,3,4,4,6,1,0,0,0,0,0.0,1,1,70.0,0,1,0,0.0,1.0,11,-0.89,0,1,1,0,0,0,0.0
5,3,12,-0.05,6,3,4,4,6,1,0,0,0,0,0.0,1,1,40.0,0,1,1,1.0,1.0,10,-0.07,0,1,0,1,0,0,0.0
5,3,12,-0.05,6,3,4,4,6,1,0,0,0,0,0.0,1,1,40.0,0,1,1,5.0,1.0,10,-0.07,0,1,0,1,0,0,0.0
5,4,12,-0.05,6,3,4,4,6,1,0,0,0,0,0.0,0,1,40.0,0,1,1,2.0,3.0,40,1.2,0,1,0,0,0,0,0.0
5,3,12,-0.05,6,3,4,4,6,1,0,0,0,0,0.0,1,1,30.0,0,0,0,0.0,,.,.,0,1,.,.,0,0,0.0
5,3,12,-0.05,6,3,4,4,6,1,0,0,0,0,0.0,0,1,80.0,0,0,0,0.0,,.,.,0,1,.,.,0,0,0.0
5,3,12,-0.05,6,3,4,4,6,1,0,0,0,0,0.0,1,1,80.0,0,0,0,0.0,,.,.,0,1,.,.,0,0,0.0
5,3,12,-0.05,6,3,4,4,6,1,0,0,0,0,0.0,0,1,30.0,0,0,0,0.0,,.,.,0,1,.,.,0,0,0.0
5,3,12,-0.05,6,3,4,4,6,1,0,0,0,0,0.0,1,1,40.0,0,0,0,0.0,,.,.,0,1,.,.,0,0,0.0
5,3,12,-0.05,6,3,4,4,6,1,0,0,0,0,0.0,1,1,60.0,0,0,0,0.0,,.,.,0,1,.,.,0,0,0.0
5,3,12,-0.05,6,3,4,4,6,1,0,0,0,0,0.0,0,1,50.0,0,0,0,0.0,,.,.,0,1,.,.,0,0,0.0
5,3,12,-0.05,6,3,4,4,6,1,0,0,0,0,0.0,1,1,70.0,0,0,0,0.0,,.,.,0,1,.,.,0,0,0.0
5,3,12,-0.05,6,3,4,4,6,1,0,0,0,0,0.0,1,1,20.0,0,0,0,0.0,,.,.,0,1,.,.,0,0,0.0
5,4,12,-0.05,6,3,4,4,6,1,0,0,0,0,0.0,0,1,30.0,0,0,0,0.0,,.,.,0,1,.,.,0,0,0.0
5,4,12,-0.05,6,3,4,4,6,1,0,0,0,0,0.0,0,1,30.0,0,0,0,0.0,,.,.,0,1,.,.,0,0,0.0
5,4,12,-0.05,6,3,4,4,6,1,0,0,0,0,0.0,0,1,30.0,0,0,0,0.0,,.,.,0,1,.,.,0,0,0.0
5,4,12,-0.05,6,3,4,4,6,1,0,0,0,0,0.0,1,1,30.0,0,0,0,0.0,,.,.,0,1,.,.,0,0,0.0
5,3,12,-0.05,6,3,4,4,6,1,0,0,0,0,5.0,1,1,30.0,0,0,0,0.0,,.,.,0,1,.,.,0,0,5.0
5,4,12,-0.05,6,3,4,4,6,1,0,0,0,0,10.0,0,1,40.0,0,0,0,0.0,,.,.,0,1,.,.,0,0,10.0
5,6,14,-0.981,3,4,6,5,7,0,1,0,0,0,0.0,0,1,80.0,0,1,0,0.0,2.0,7,-0.76,1,0,1,0,1,0,-0.1
5,6,14,-0.981,3,4,6,5,7,0,1,0,0,0,0.0,0,1,30.0,0,1,1,2.0,4.0,53,0.09,1,0,0,0,1,0,-0.1
5,6,14,-0.981,3,4,6,5,7,0,1,0,0,0,0.0,1,1,50.0,0,1,1,1.0,4.0,53,0.09,1,0,0,0,1,0,-0.1
5,6,14,-0.981,3,4,6,5,7,0,1,0,0,0,0.0,0,1,50.0,1,1,0,0.0,1.0,9,0.64,1,0,1,1,1,0,-0.1
5,6,14,-0.981,3,4,6,5,7,0,1,0,0,0,0.0,1,1,60.0,1,1,1,5.0,1.0,9,0.64,1,0,1,1,1,0,-0.1
5,6,14,-0.981,3,4,6,5,7,0,1,0,0,0,0.0,0,1,30.0,1,0,0,0.0,,.,.,1,0,.,.,1,0,-0.1
5,6,14,-0.981,3,4,6,5,7,0,1,0,0,0,0.0,1,1,40.0,1,0,0,0.0,,.,.,1,0,.,.,1,0,-0.1
5,6,14,-0.981,3,4,6,5,7,0,1,0,0,0,0.0,0,0,50.0,1,0,0,0.0,,.,.,1,0,.,.,1,0,-0.1
5,6,14,-0.981,3,4,6,5,7,0,1,0,0,0,0.0,1,1,60.0,1,0,0,0.0,,.,.,1,0,.,.,1,0,-0.1
5,6,14,-0.981,3,4,6,5,7,0,1,0,0,0,0.0,1,1,80.0,0,0,0,0.0,,.,.,1,0,.,.,1,0,-0.1
5,6,14,-0.981,3,4,6,5,7,0,1,0,0,0,0.0,0,1,60.0,0,0,0,0.0,,.,.,1,0,.,.,1,0,-0.1
5,6,14,-0.981,3,4,6,5,7,0,1,0,0,0,0.0,0,0,30.0,0,0,0,0.0,,.,.,1,0,.,.,1,0,-0.1
5,6,14,-0.981,3,4,6,5,7,0,1,0,0,0,0.0,0,1,60.0,0,0,0,0.0,,.,.,1,0,.,.,1,0,-0.1
5,6,14,-0.981,3,4,6,5,7,0,1,0,0,0,0.0,0,1,40.0,1,0,0,0.0,,.,.,1,0,.,.,1,0,-0.1
5,6,14,-0.981,3,4,6,5,7,0,1,0,0,0,0.0,1,1,60.0,0,0,0,0.0,,.,.,1,0,.,.,1,0,-0.1
5,6,14,-0.981,3,4,6,5,7,0,1,0,0,0,0.0,1,1,60.0,0,0,0,0.0,,.,.,1,0,.,.,1,0,-0.1
5,6,14,-0.981,3,4,6,5,7,0,1,0,0,0,5.0,0,1,30.0,0,0,0,0.0,,.,.,1,0,.,.,1,0,4.9
5,6,16,-0.145,2,0,3,2,4,0,1,0,0,0,0.0,0,1,40.0,1,1,0,0.0,3.0,46,-0.45,1,1,1,1,1,0,-0.1
5,6,16,-0.145,2,0,3,2,4,0,1,0,0,0,0.0,1,1,60.0,1,1,0,0.0,3.0,46,-0.45,1,1,1,1,1,0,-0.1
5,6,16,-0.145,2,0,3,2,4,0,1,0,0,0,0.0,0,1,60.0,1,1,0,0.0,3.0,45,-0.37,1,1,0,0,1,0,-0.1
5,6,16,-0.145,2,0,3,2,4,0,1,0,0,0,5.0,0,0,25.0,1,1,1,2.0,1.0,10,-0.07,1,1,0,1,1,0,4.9
5,6,16,-0.145,2,0,3,2,4,0,1,0,0,0,0.0,0,1,40.0,1,1,1,10.0,4.0,36,0.11,1,1,1,1,1,0,-0.1
5,6,16,-0.145,2,0,3,2,4,0,1,0,0,0,0.0,0,1,30.0,1,1,0,0.0,1.0,9,0.64,1,1,1,1,1,0,-0.1
5,6,16,-0.145,2,0,3,2,4,0,1,0,0,0,0.0,0,1,70.0,1,0,0,0.0,,.,.,1,1,.,.,1,0,-0.1
5,6,16,-0.145,2,0,3,2,4,0,1,0,0,0,0.0,1,1,40.0,1,0,0,0.0,,.,.,1,1,.,.,1,0,-0.1
5,6,16,-0.145,2,0,3,2,4,0,1,0,0,0,0.0,1,1,80.0,1,0,0,0.0,,.,.,1,1,.,.,1,0,-0.1
5,6,16,-0.145,2,0,3,2,4,0,1,0,0,0,0.0,0,1,18.0,1,0,0,0.0,,.,.,1,1,.,.,1,0,-0.1
5,6,16,-0.145,2,0,3,2,4,0,1,0,0,0,0.0,1,1,40.0,0,0,0,0.0,,.,.,1,1,.,.,1,0,-0.1
5,6,16,-0.145,2,0,3,2,4,0,1,0,0,0,0.0,1,1,40.0,1,0,0,0.0,,.,.,1,1,.,.,1,0,-0.1
5,6,16,-0.145,2,0,3,2,4,0,1,0,0,0,0.0,1,1,25.0,1,0,0,0.0,,.,.,1,1,.,.,1,0,-0.1
5,6,16,-0.145,2,0,3,2,4,0,1,0,0,0,0.0,0,1,60.0,0,0,0,0.0,,.,.,1,1,.,.,1,0,-0.1
5,6,16,-0.145,2,0,3,2,4,0,1,0,0,0,0.0,0,0,40.0,1,0,0,0.0,,.,.,1,1,.,.,1,0,-0.1
5,6,16,-0.145,2,0,3,2,4,0,1,0,0,0,0.0,1,1,50.0,1,0,0,0.0,,.,.,1,1,.,.,1,0,-0.1
5,6,16,-0.145,2,0,3,2,4,0,1,0,0,0,0.0,1,0,30.0,1,0,0,0.0,,.,.,1,1,.,.,1,0,-0.1
5,6,16,-0.145,2,0,3,2,4,0,1,0,0,0,0.0,1,1,30.0,1,0,0,0.0,,.,.,1,1,.,.,1,0,-0.1
5,6,16,-0.145,2,0,3,2,4,0,1,0,0,0,0.0,0,1,40.0,1,0,0,0.0,,.,.,1,1,.,.,1,0,-0.1
5,6,16,-0.145,2,0,3,2,4,0,1,0,0,0,0.0,0,1,70.0,1,0,0,0.0,,.,.,1,1,.,.,1,0,-0.1
5,6,16,-0.145,2,0,3,2,4,0,1,0,0,0,0.0,1,1,40.0,1,0,0,0.0,,.,.,1,1,.,.,1,0,-0.1
5,6,16,-0.145,2,0,3,2,4,0,1,0,0,0,10.0,1,1,30.0,1,0,0,0.0,,.,.,1,1,.,.,1,0,9.9
5,6,16,-0.145,2,0,3,2,4,0,1,0,0,0,10.0,1,1,60.0,0,0,0,0.0,,.,.,1,1,.,.,1,0,9.9
5,4,18,0.498,5,4,5,6,6,1,0,0,0,0,0.0,1,1,20.0,0,1,0,0.0,1.0,10,-0.07,0,1,0,1,0,0,0.0
5,4,18,0.498,5,4,5,6,6,1,0,0,0,0,20.0,1,1,70.0,0,1,1,10.0,3.0,39,0,0,1,1,1,0,0,20.0
5,4,18,0.498,5,4,5,6,6,1,0,0,0,0,0.0,1,1,40.0,0,0,0,0.0,,.,.,0,1,.,.,0,0,0.0
5,4,18,0.498,5,4,5,6,6,1,0,0,0,0,0.0,0,1,40.0,0,0,0,0.0,,.,.,0,1,.,.,0,0,0.0
5,4,18,0.498,5,4,5,6,6,1,0,0,0,0,1.85,0,1,40.0,0,0,0,0.0,,.,.,0,1,.,.,0,0,1.85
5,4,18,0.498,5,4,5,6,6,1,0,0,0,0,2.0,0,1,70.0,0,0,0,0.0,,.,.,0,1,.,.,0,0,2.0
5,4,18,0.498,5,4,5,6,6,1,0,0,0,0,20.0,1,1,30.0,0,0,0,0.0,,.,.,0,1,.,.,0,0,20.0
5,3,19,0.007,5,8,5,2,4,1,0,0,0,0,0.0,1,1,40.0,0,1,1,5.0,1.0,11,-0.89,1,0,1,0,0,0,0.0
5,6,19,0.007,5,8,5,2,4,0,0,0,1,0,0.0,0,1,30.0,1,1,0,0.0,3.0,38,-0.66,1,0,1,0,0,1,-5.0
5,6,19,0.007,5,8,5,2,4,0,0,0,1,0,0.0,0,1,30.0,0,1,1,3.0,3.0,38,-0.66,1,0,1,0,0,1,-5.0
5,6,19,0.007,5,8,5,2,4,0,0,0,1,0,0.0,0,1,30.0,1,1,1,1.0,3.0,38,-0.66,1,0,1,0,0,1,-5.0
5,4,19,0.007,5,8,5,2,4,1,0,0,0,0,0.0,1,1,60.0,0,1,1,5.0,3.0,38,-0.66,1,0,1,0,0,0,0.0
5,6,19,0.007,5,8,5,2,4,0,0,0,1,0,0.0,0,1,50.0,0,1,0,0.0,3.0,39,0,1,0,1,1,0,1,-5.0
5,4,19,0.007,5,8,5,2,4,1,0,0,0,0,0.0,0,1,50.0,0,1,0,0.0,3.0,39,0,1,0,1,1,0,0,0.0
5,3,19,0.007,5,8,5,2,4,1,0,0,0,0,0.0,1,1,20.0,0,1,0,0.0,1.0,9,0.64,1,0,1,1,0,0,0.0
5,3,19,0.007,5,8,5,2,4,1,0,0,0,0,0.0,0,1,40.0,0,1,0,0.0,1.0,9,0.64,1,0,1,1,0,0,0.0
5,3,19,0.007,5,8,5,2,4,1,0,0,0,0,0.0,1,1,40.0,0,1,0,0.0,1.0,9,0.64,1,0,1,1,0,0,0.0
5,6,19,0.007,5,8,5,2,4,0,0,0,1,0,0.0,1,1,20.0,1,1,1,1.0,2.0,17,0.96,1,0,0,1,0,1,-5.0
5,6,19,0.007,5,8,5,2,4,0,0,0,1,0,0.0,0,1,50.0,1,1,1,1.0,3.0,40,1.2,1,0,0,0,0,1,-5.0
5,6,19,0.007,5,8,5,2,4,0,0,0,1,0,20.0,0,1,50.0,0,1,1,10.0,3.0,40,1.2,1,0,0,0,0,1,15.0
5,6,19,0.007,5,8,5,2,4,0,0,0,1,0,0.0,0,1,30.0,0,0,0,0.0,,.,.,1,0,.,.,0,1,-5.0
5,6,19,0.007,5,8,5,2,4,0,0,0,1,0,0.0,1,1,50.0,1,0,0,0.0,,.,.,1,0,.,.,0,1,-5.0
5,6,19,0.007,5,8,5,2,4,0,0,0,1,0,0.0,0,1,20.0,0,0,0,0.0,,.,.,1,0,.,.,0,1,-5.0
5,6,19,0.007,5,8,5,2,4,0,0,0,1,0,0.0,1,1,20.0,1,0,0,0.0,,.,.,1,0,.,.,0,1,-5.0
5,6,19,0.007,5,8,5,2,4,0,0,0,1,0,0.0,1,1,70.0,1,0,0,0.0,,.,.,1,0,.,.,0,1,-5.0
5,6,19,0.007,5,8,5,2,4,0,0,0,1,0,0.0,1,1,50.0,1,0,0,0.0,,.,.,1,0,.,.,0,1,-5.0
5,6,19,0.007,5,8,5,2,4,0,0,0,1,0,5.0,0,1,40.0,0,0,0,0.0,,.,.,1,0,.,.,0,1,0.0
5,3,19,0.007,5,8,5,2,4,1,0,0,0,0,0.0,1,1,60.0,0,0,0,0.0,,.,.,1,0,.,.,0,0,0.0
5,3,19,0.007,5,8,5,2,4,1,0,0,0,0,0.0,0,1,50.0,0,0,0,0.0,,.,.,1,0,.,.,0,0,0.0
5,3,19,0.007,5,8,5,2,4,1,0,0,0,0,0.0,0,1,60.0,0,0,0,0.0,,.,.,1,0,.,.,0,0,0.0
5,3,19,0.007,5,8,5,2,4,1,0,0,0,0,0.0,0,1,60.0,0,0,0,0.0,,.,.,1,0,.,.,0,0,0.0
5,3,19,0.007,5,8,5,2,4,1,0,0,0,0,0.0,0,1,20.0,0,0,0,0.0,,.,.,1,0,.,.,0,0,0.0
5,3,19,0.007,5,8,5,2,4,1,0,0,0,0,0.0,0,1,70.0,0,0,0,0.0,,.,.,1,0,.,.,0,0,0.0
5,3,19,0.007,5,8,5,2,4,1,0,0,0,0,0.0,0,1,20.0,0,0,0,0.0,,.,.,1,0,.,.,0,0,0.0
5,3,19,0.007,5,8,5,2,4,1,0,0,0,0,0.0,1,1,70.0,0,0,0,0.0,,.,.,1,0,.,.,0,0,0.0
5,4,19,0.007,5,8,5,2,4,1,0,0,0,0,0.0,0,1,60.0,0,0,0,0.0,,.,.,1,0,.,.,0,0,0.0
5,4,19,0.007,5,8,5,2,4,1,0,0,0,0,0.0,0,1,30.0,0,0,0,0.0,,.,.,1,0,.,.,0,0,0.0
5,4,19,0.007,5,8,5,2,4,1,0,0,0,0,0.0,1,1,30.0,0,0,0,0.0,,.,.,1,0,.,.,0,0,0.0
5,3,19,0.007,5,8,5,2,4,1,0,0,0,0,10.0,0,1,50.0,0,0,0,0.0,,.,.,1,0,.,.,0,0,10.0
5,6,24,0.023,4,5,4,5,5,0,0,0,1,0,1.0,0,0,21.0,0,1,0,0.0,4.0,47,-0.04,1,0,1,0,0,1,-4.0
5,6,24,0.023,4,5,4,5,5,0,0,0,1,0,0.0,1,0,45.0,1,1,0,0.0,3.0,39,0,1,0,1,1,0,1,-5.0
5,6,24,0.023,4,5,4,5,5,0,0,0,1,0,5.0,1,0,30.0,1,1,1,3.0,3.0,39,0,1,0,1,1,0,1,0.0
5,6,24,0.023,4,5,4,5,5,0,0,0,1,0,5.0,1,1,45.0,0,1,0,0.0,2.0,19,0.46,1,0,1,1,0,1,0.0
5,6,24,0.023,4,5,4,5,5,0,0,0,1,0,5.0,0,1,60.0,0,1,0,0.0,3.0,40,1.2,1,0,0,0,0,1,0.0
5,6,24,0.023,4,5,4,5,5,0,0,0,1,0,10.0,0,1,40.0,0,1,1,1.0,3.0,40,1.2,1,0,0,0,0,1,5.0
5,6,24,0.023,4,5,4,5,5,0,0,0,1,0,0.0,0,0,30.0,1,0,0,0.0,,.,.,1,0,.,.,0,1,-5.0
5,6,24,0.023,4,5,4,5,5,0,0,0,1,0,0.0,0,1,35.0,1,0,0,0.0,,.,.,1,0,.,.,0,1,-5.0
5,6,24,0.023,4,5,4,5,5,0,0,0,1,0,0.0,1,1,30.0,1,0,0,0.0,,.,.,1,0,.,.,0,1,-5.0
5,6,24,0.023,4,5,4,5,5,0,0,0,1,0,0.0,0,1,25.0,0,0,0,0.0,,.,.,1,0,.,.,0,1,-5.0
5,6,24,0.023,4,5,4,5,5,0,0,0,1,0,0.0,0,1,30.0,1,0,0,0.0,,.,.,1,0,.,.,0,1,-5.0
5,6,24,0.023,4,5,4,5,5,0,0,0,1,0,0.0,1,1,20.0,1,0,0,0.0,,.,.,1,0,.,.,0,1,-5.0
5,6,24,0.023,4,5,4,5,5,0,0,0,1,0,0.0,1,1,35.0,1,0,0,0.0,,.,.,1,0,.,.,0,1,-5.0
5,6,24,0.023,4,5,4,5,5,0,0,0,1,0,2.0,0,0,40.0,0,0,0,0.0,,.,.,1,0,.,.,0,1,-3.0
5,6,24,0.023,4,5,4,5,5,0,0,0,1,0,5.0,1,0,40.0,0,0,0,0.0,,.,.,1,0,.,.,0,1,0.0
5,6,24,0.023,4,5,4,5,5,0,0,0,1,0,6.0,1,1,30.0,1,0,0,0.0,,.,.,1,0,.,.,0,1,1.0
5,6,24,0.023,4,5,4,5,5,0,0,0,1,0,6.0,1,1,60.0,0,0,0,0.0,,.,.,1,0,.,.,0,1,1.0
5,6,24,0.023,4,5,4,5,5,0,0,0,1,0,13.0,0,1,30.0,0,0,0,0.0,,.,.,1,0,.,.,0,1,8.0
6,10,27,0.096,5,5,5,8,6,1,0,0,0,0,0.0,0,1,60.0,0,1,1,2.0,1.0,11,-0.89,1,1,1,0,0,0,0.0
6,22,27,0.096,5,5,5,8,6,0,0,0,1,0,0.0,0,1,40.0,1,1,1,5.0,4.0,34,-0.27,1,1,1,1,0,1,-5.0
6,22,27,0.096,5,5,5,8,6,0,0,0,1,0,0.0,0,1,30.0,1,1,1,20.0,2.0,21,-0.18,1,1,0,1,0,1,-5.0
6,22,27,0.096,5,5,5,8,6,0,0,0,1,0,0.0,0,1,40.0,1,1,0,0.0,4.0,36,0.11,1,1,1,1,0,1,-5.0
6,22,27,0.096,5,5,5,8,6,0,0,0,1,0,25.0,1,1,50.0,0,1,1,5.0,2.0,16,0.22,1,1,0,1,0,1,20.0
6,22,27,0.096,5,5,5,8,6,0,0,0,1,0,0.0,0,1,70.0,1,1,0,0.0,2.0,16,0.22,1,1,0,1,0,1,-5.0
6,10,27,0.096,5,5,5,8,6,1,0,0,0,0,0.0,1,0,40.0,0,1,1,5.0,3.0,22,0.23,1,1,1,1,0,0,0.0
6,10,27,0.096,5,5,5,8,6,1,0,0,0,0,0.0,1,1,40.0,0,1,0,0.0,3.0,25,0.42,1,1,0,1,0,0,0.0
6,10,27,0.096,5,5,5,8,6,1,0,0,0,0,0.0,0,1,50.0,0,1,0,0.0,4.0,28,0.85,1,1,0,1,0,0,0.0
6,10,27,0.096,5,5,5,8,6,1,0,0,0,0,0.0,0,1,50.0,0,1,0,0.0,4.0,28,0.85,1,1,0,1,0,0,0.0
6,10,27,0.096,5,5,5,8,6,1,0,0,0,0,0.0,0,1,20.0,0,0,0,0.0,,.,.,1,1,.,.,0,0,0.0
6,10,27,0.096,5,5,5,8,6,1,0,0,0,0,0.0,0,1,70.0,0,0,0,0.0,,.,.,1,1,.,.,0,0,0.0
6,10,27,0.096,5,5,5,8,6,1,0,0,0,0,0.0,1,0,20.0,0,0,0,0.0,,.,.,1,1,.,.,0,0,0.0
6,10,27,0.096,5,5,5,8,6,1,0,0,0,0,0.0,1,1,60.0,0,0,0,0.0,,.,.,1,1,.,.,0,0,0.0
6,10,27,0.096,5,5,5,8,6,1,0,0,0,0,0.0,0,1,70.0,0,0,0,0.0,,.,.,1,1,.,.,0,0,0.0
6,10,27,0.096,5,5,5,8,6,1,0,0,0,0,0.0,1,1,50.0,0,0,0,0.0,,.,.,1,1,.,.,0,0,0.0
6,10,27,0.096,5,5,5,8,6,1,0,0,0,0,0.0,1,1,60.0,0,0,0,0.0,,.,.,1,1,.,.,0,0,0.0
6,10,27,0.096,5,5,5,8,6,1,0,0,0,0,0.0,1,1,50.0,0,0,0,0.0,,.,.,1,1,.,.,0,0,0.0
6,10,27,0.096,5,5,5,8,6,1,0,0,0,0,10.0,0,1,70.0,0,0,0,0.0,,.,.,1,1,.,.,0,0,10.0
6,22,27,0.096,5,5,5,8,6,0,0,0,1,0,0.0,0,1,40.0,1,0,0,0.0,,.,.,1,1,.,.,0,1,-5.0
6,22,27,0.096,5,5,5,8,6,0,0,0,1,0,0.0,0,1,60.0,1,0,0,0.0,,.,.,1,1,.,.,0,1,-5.0
6,22,27,0.096,5,5,5,8,6,0,0,0,1,0,0.0,0,1,50.0,1,0,0,0.0,,.,.,1,1,.,.,0,1,-5.0
6,22,27,0.096,5,5,5,8,6,0,0,0,1,0,0.0,0,1,50.0,1,0,0,0.0,,.,.,1,1,.,.,0,1,-5.0
6,22,27,0.096,5,5,5,8,6,0,0,0,1,0,0.0,1,0,30.0,0,0,0,0.0,,.,.,1,1,.,.,0,1,-5.0
6,7,34,0.329,7,4,7,6,6,1,0,0,0,0,0.0,0,1,40.0,0,1,1,1.0,3.0,45,-0.37,0,1,0,0,0,0,0.0
6,7,34,0.329,7,4,7,6,6,1,0,0,0,0,40.0,1,1,50.0,0,1,1,1.0,3.0,39,0,0,1,1,1,0,0,40.0
6,7,34,0.329,7,4,7,6,6,1,0,0,0,0,0.0,0,1,40.0,0,0,0,0.0,,.,.,0,1,.,.,0,0,0.0
6,7,34,0.329,7,4,7,6,6,1,0,0,0,0,0.0,0,1,50.0,0,0,0,0.0,,.,.,0,1,.,.,0,0,0.0
6,7,34,0.329,7,4,7,6,6,1,0,0,0,0,0.0,0,1,60.0,0,0,0,0.0,,.,.,0,1,.,.,0,0,0.0
6,7,34,0.329,7,4,7,6,6,1,0,0,0,0,0.0,0,1,40.0,0,0,0,0.0,,.,.,0,1,.,.,0,0,0.0
6,7,34,0.329,7,4,7,6,6,1,0,0,0,0,0.0,0,1,50.0,0,0,0,0.0,,.,.,0,1,.,.,0,0,0.0
6,7,34,0.329,7,4,7,6,6,1,0,0,0,0,0.0,1,1,40.0,0,0,0,0.0,,.,.,0,1,.,.,0,0,0.0
6,7,34,0.329,7,4,7,6,6,1,0,0,0,0,0.0,0,1,50.0,0,0,0,0.0,,.,.,0,1,.,.,0,0,0.0
6,7,34,0.329,7,4,7,6,6,1,0,0,0,0,10.0,1,0,40.0,0,0,0,0.0,,.,.,0,1,.,.,0,0,10.0
6,7,28,1.028,7,4,7,6,6,1,0,0,0,0,0.0,0,1,50.0,0,1,0,0.0,3.0,38,-0.66,0,1,1,0,0,0,0.0
6,7,28,1.028,7,4,7,6,6,1,0,0,0,0,0.0,1,1,70.0,0,1,0,0.0,3.0,38,-0.66,0,1,1,0,0,0,0.0
6,7,28,1.028,7,4,7,6,6,1,0,0,0,0,0.0,0,1,50.0,0,1,1,5.0,3.0,39,0,0,1,1,1,0,0,0.0
6,7,28,1.028,7,4,7,6,6,1,0,0,0,0,5.0,0,1,70.0,0,1,1,5.0,3.0,39,0,0,1,1,1,0,0,5.0
6,7,28,1.028,7,4,7,6,6,1,0,0,0,0,0.0,0,1,40.0,0,0,0,0.0,,.,.,0,1,.,.,0,0,0.0
6,7,28,1.028,7,4,7,6,6,1,0,0,0,0,5.0,1,1,40.0,0,0,0,0.0,,.,.,0,1,.,.,0,0,5.0
6,7,28,1.028,7,4,7,6,6,1,0,0,0,0,10.0,1,1,80.0,0,0,0,0.0,,.,.,0,1,.,.,0,0,10.0
6,15,29,0.595,5,3,2,6,8,1,0,0,0,0,0.0,1,1,70.0,0,1,0,0.0,1.0,11,-0.89,0,0,1,0,0,0,0.0
6,15,29,0.595,5,3,2,6,8,1,0,0,0,0,0.0,0,1,40.0,0,1,1,1.0,1.0,9,0.64,0,0,1,1,0,0,0.0
6,7,29,0.595,5,3,2,6,8,1,0,0,0,0,0.0,0,1,35.0,0,1,1,1.0,3.0,40,1.2,0,0,0,0,0,0,0.0
6,7,29,0.595,5,3,2,6,8,1,0,0,0,0,0.0,0,1,40.0,0,0,0,0.0,,.,.,0,0,.,.,0,0,0.0
6,7,29,0.595,5,3,2,6,8,1,0,0,0,0,0.0,1,1,50.0,0,0,0,0.0,,.,.,0,0,.,.,0,0,0.0
6,7,29,0.595,5,3,2,6,8,1,0,0,0,0,0.0,1,1,60.0,0,0,0,0.0,,.,.,0,0,.,.,0,0,0.0
6,7,29,0.595,5,3,2,6,8,1,0,0,0,0,0.0,1,1,50.0,0,0,0,0.0,,.,.,0,0,.,.,0,0,0.0
6,7,29,0.595,5,3,2,6,8,1,0,0,0,0,0.0,0,1,50.0,0,0,0,0.0,,.,.,0,0,.,.,0,0,0.0
6,15,29,0.595,5,3,2,6,8,1,0,0,0,0,0.0,1,1,50.0,0,0,0,0.0,,.,.,0,0,.,.,0,0,0.0
6,15,29,0.595,5,3,2,6,8,1,0,0,0,0,0.0,1,1,70.0,0,0,0,0.0,,.,.,0,0,.,.,0,0,0.0
6,15,29,0.595,5,3,2,6,8,1,0,0,0,0,0.0,1,1,30.0,0,0,0,0.0,,.,.,0,0,.,.,0,0,0.0
6,15,29,0.595,5,3,2,6,8,1,0,0,0,0,0.0,1,1,40.0,0,0,0,0.0,,.,.,0,0,.,.,0,0,0.0
6,15,29,0.595,5,3,2,6,8,1,0,0,0,0,0.0,1,1,60.0,0,0,0,0.0,,.,.,0,0,.,.,0,0,0.0
6,15,29,0.595,5,3,2,6,8,1,0,0,0,0,0.0,0,1,80.0,0,0,0,0.0,,.,.,0,0,.,.,0,0,0.0
6,7,29,0.595,5,3,2,6,8,1,0,0,0,0,2.0,0,1,70.0,0,0,0,0.0,,.,.,0,0,.,.,0,0,2.0
6,15,29,0.595,5,3,2,6,8,1,0,0,0,0,20.0,1,1,70.0,0,0,0,0.0,,.,.,0,0,.,.,0,0,20.0
6,10,15,0.446,3,4,1,6,4,0,0,0,1,0,0.0,1,1,30.0,0,1,1,1.04,3.0,24,-0.03,0,1,0,0,0,1,-5.0
6,10,15,0.446,3,4,1,6,4,0,0,0,1,0,5.0,1,1,40.0,0,1,1,2.0,3.0,22,0.23,0,1,1,1,0,1,0.0
6,10,15,0.446,3,4,1,6,4,0,0,0,1,0,0.0,1,1,30.0,1,1,0,0.0,3.0,23,0.23,0,1,1,1,0,1,-5.0
6,10,15,0.446,3,4,1,6,4,0,0,0,1,0,20.0,0,1,30.0,1,1,1,2.0,3.0,23,0.23,0,1,1,1,0,1,15.0
6,10,15,0.446,3,4,1,6,4,0,0,0,1,0,0.0,1,1,70.0,1,0,0,0.0,,.,.,0,1,.,.,0,1,-5.0
6,10,15,0.446,3,4,1,6,4,0,0,0,1,0,0.0,0,1,60.0,1,0,0,0.0,,.,.,0,1,.,.,0,1,-5.0
6,10,15,0.446,3,4,1,6,4,0,0,0,1,0,0.0,1,1,70.0,0,0,0,0.0,,.,.,0,1,.,.,0,1,-5.0
6,10,15,0.446,3,4,1,6,4,0,0,0,1,0,0.0,0,1,30.0,1,0,0,0.0,,.,.,0,1,.,.,0,1,-5.0
6,10,15,0.446,3,4,1,6,4,0,0,0,1,0,0.0,1,1,50.0,1,0,0,0.0,,.,.,0,1,.,.,0,1,-5.0
6,10,15,0.446,3,4,1,6,4,0,0,0,1,0,5.0,0,1,40.0,0,0,0,0.0,,.,.,0,1,.,.,0,1,0.0
6,10,15,0.446,3,4,1,6,4,0,0,0,1,0,8.0,1,1,50.0,1,0,0,0.0,,.,.,0,1,.,.,0,1,3.0
6,10,15,0.446,3,4,1,6,4,0,0,0,1,0,17.0,0,1,60.0,0,0,0,0.0,,.,.,0,1,.,.,0,1,12.0
6,10,15,0.446,3,4,1,6,4,0,0,0,1,0,20.0,0,1,30.0,0,0,0,0.0,,.,.,0,1,.,.,0,1,15.0
6,10,17,0.326,3,2,1,3,3,0,0,0,1,0,0.0,1,1,50.0,0,1,1,5.0,3.0,45,-0.37,0,0,0,0,0,1,-5.0
6,10,17,0.326,3,2,1,3,3,0,0,0,1,0,0.0,0,1,60.0,0,1,1,1.0,3.0,45,-0.37,0,0,0,0,0,1,-5.0
6,10,17,0.326,3,2,1,3,3,0,0,0,1,0,0.0,0,1,40.0,0,1,1,10.0,3.0,24,-0.03,0,0,0,0,0,1,-5.0
6,10,17,0.326,3,2,1,3,3,0,0,0,1,0,15.0,0,1,50.0,0,1,0,0.0,3.0,24,-0.03,0,0,0,0,0,1,10.0
6,10,17,0.326,3,2,1,3,3,0,0,0,1,0,0.0,0,1,30.0,0,1,0,0.0,4.0,29,0.28,0,0,1,1,0,1,-5.0
6,10,17,0.326,3,2,1,3,3,0,0,0,1,0,0.0,0,1,40.0,0,0,0,0.0,,.,.,0,0,.,.,0,1,-5.0
6,10,17,0.326,3,2,1,3,3,0,0,0,1,0,0.0,0,0,40.0,0,0,0,0.0,,.,.,0,0,.,.,0,1,-5.0
6,10,17,0.326,3,2,1,3,3,0,0,0,1,0,0.0,1,1,70.0,1,0,0,0.0,,.,.,0,0,.,.,0,1,-5.0
6,10,17,0.326,3,2,1,3,3,0,0,0,1,0,0.0,1,1,20.0,0,0,0,0.0,,.,.,0,0,.,.,0,1,-5.0
6,10,17,0.326,3,2,1,3,3,0,0,0,1,0,0.0,1,0,40.0,1,0,0,0.0,,.,.,0,0,.,.,0,1,-5.0
6,10,17,0.326,3,2,1,3,3,0,0,0,1,0,0.0,1,1,30.0,1,0,0,0.0,,.,.,0,0,.,.,0,1,-5.0
6,10,17,0.326,3,2,1,3,3,0,0,0,1,0,1.0,0,1,40.0,0,0,0,0.0,,.,.,0,0,.,.,0,1,-4.0
6,10,17,0.326,3,2,1,3,3,0,0,0,1,0,5.0,1,1,50.0,0,0,0,0.0,,.,.,0,0,.,.,0,1,0.0
6,10,17,0.326,3,2,1,3,3,0,0,0,1,0,5.0,0,1,30.0,0,0,0,0.0,,.,.,0,0,.,.,0,1,0.0
6,10,17,0.326,3,2,1,3,3,0,0,0,1,0,10.0,0,0,40.0,0,0,0,0.0,,.,.,0,0,.,.,0,1,5.0
6,10,17,0.326,3,2,1,3,3,0,0,0,1,0,25.0,0,1,50.0,1,0,0,0.0,,.,.,0,0,.,.,0,1,20.0
6,22,19,0.007,5,8,5,2,4,0,0,0,1,0,0.0,1,0,40.0,1,1,1,1.0,4.0,34,-0.27,1,0,1,1,0,1,-5.0
6,22,19,0.007,5,8,5,2,4,0,0,0,1,0,5.0,0,1,30.0,0,1,1,5.0,4.0,36,0.11,1,0,1,1,0,1,0.0
6,22,19,0.007,5,8,5,2,4,0,0,0,1,0,0.0,1,1,50.0,1,1,1,10.0,2.0,16,0.22,1,0,0,1,0,1,-5.0
6,22,19,0.007,5,8,5,2,4,0,0,0,1,0,0.0,1,1,40.0,1,0,0,0.0,,.,.,1,0,.,.,0,1,-5.0
6,22,19,0.007,5,8,5,2,4,0,0,0,1,0,0.0,0,1,30.0,1,0,0,0.0,,.,.,1,0,.,.,0,1,-5.0
6,22,19,0.007,5,8,5,2,4,0,0,0,1,0,0.0,0,1,30.0,1,0,0,0.0,,.,.,1,0,.,.,0,1,-5.0
6,22,19,0.007,5,8,5,2,4,0,0,0,1,0,0.0,0,1,30.0,1,0,0,0.0,,.,.,1,0,.,.,0,1,-5.0
6,22,19,0.007,5,8,5,2,4,0,0,0,1,0,0.0,1,1,40.0,1,0,0,0.0,,.,.,1,0,.,.,0,1,-5.0
6,10,33,1.033,4,7,3,5,5,1,0,0,0,0,0.0,1,1,40.0,0,1,1,5.0,3.0,26,0.37,0,1,1,1,0,0,0.0
6,10,33,1.033,4,7,3,5,5,1,0,0,0,0,0.0,1,1,40.0,0,1,0,0.0,1.0,9,0.64,0,1,1,1,0,0,0.0
6,10,33,1.033,4,7,3,5,5,1,0,0,0,0,0.0,1,1,40.0,0,1,0,0.0,1.0,12,0.93,0,1,0,1,0,0,0.0
6,10,33,1.033,4,7,3,5,5,1,0,0,0,0,0.0,0,1,40.0,0,0,0,0.0,,.,.,0,1,.,.,0,0,0.0
6,10,33,1.033,4,7,3,5,5,1,0,0,0,0,10.0,0,1,40.0,0,0,0,0.0,,.,.,0,1,.,.,0,0,10.0
6,10,33,1.033,4,7,3,5,5,1,0,0,0,0,0.0,0,1,40.0,0,0,0,0.0,,.,.,0,1,.,.,0,0,0.0
6,10,33,1.033,4,7,3,5,5,1,0,0,0,0,3.0,0,1,20.0,0,0,0,0.0,,.,.,0,1,.,.,0,0,3.0
6,10,33,1.033,4,7,3,5,5,1,0,0,0,0,0.0,1,1,60.0,0,0,0,0.0,,.,.,0,1,.,.,0,0,0.0
6,10,33,1.033,4,7,3,5,5,1,0,0,0,0,0.0,1,1,60.0,0,0,0,0.0,,.,.,0,1,.,.,0,0,0.0
6,10,33,1.033,4,7,3,5,5,1,0,0,0,0,0.0,0,1,40.0,0,0,0,0.0,,.,.,0,1,.,.,0,0,0.0
6,10,33,1.033,4,7,3,5,5,1,0,0,0,0,0.0,0,1,40.0,0,0,0,0.0,,.,.,0,1,.,.,0,0,0.0
6,10,33,1.033,4,7,3,5,5,1,0,0,0,0,2.0,0,1,80.0,0,0,0,0.0,,.,.,0,1,.,.,0,0,2.0
6,10,33,1.033,4,7,3,5,5,1,0,0,0,0,3.0,0,1,20.0,0,0,0,0.0,,.,.,0,1,.,.,0,0,3.0
6,10,30,0.117,8,7,5,6,8,1,0,0,0,0,0.0,0,1,60.0,0,1,0,0.0,1.0,11,-0.89,0,1,1,0,0,0,0.0
6,17,30,0.117,8,7,5,6,8,0,1,0,0,0,0.0,0,1,20.0,0,1,1,2.0,3.0,46,-0.45,0,1,1,1,1,0,-0.1
6,17,30,0.117,8,7,5,6,8,0,1,0,0,0,10.0,1,1,30.0,0,1,1,3.0,3.0,46,-0.45,0,1,1,1,1,0,9.9
6,10,30,0.117,8,7,5,6,8,1,0,0,0,0,0.0,0,1,30.0,0,1,0,0.0,4.0,1,-0.43,0,1,1,0,0,0,0.0
6,10,30,0.117,8,7,5,6,8,1,0,0,0,0,0.0,1,1,50.0,0,1,0,0.0,1.0,10,-0.07,0,1,0,1,0,0,0.0
6,10,30,0.117,8,7,5,6,8,1,0,0,0,0,0.0,0,1,30.0,0,1,0,0.0,1.0,10,-0.07,0,1,0,1,0,0,0.0
6,10,30,0.117,8,7,5,6,8,1,0,0,0,0,0.0,0,1,30.0,0,1,1,5.0,1.0,10,-0.07,0,1,0,1,0,0,0.0
6,10,30,0.117,8,7,5,6,8,1,0,0,0,0,20.0,1,1,30.0,0,1,0,0.0,1.0,10,-0.07,0,1,0,1,0,0,20.0
6,17,30,0.117,8,7,5,6,8,0,1,0,0,0,0.0,1,1,70.0,0,1,1,2.0,3.0,44,0.13,0,1,0,0,1,0,-0.1
6,10,30,0.117,8,7,5,6,8,1,0,0,0,0,0.0,1,1,40.0,0,1,1,5.0,3.0,22,0.23,0,1,1,1,0,0,0.0
6,10,30,0.117,8,7,5,6,8,1,0,0,0,0,0.0,0,1,50.0,0,1,0,0.0,3.0,26,0.37,0,1,1,1,0,0,0.0
6,10,30,0.117,8,7,5,6,8,1,0,0,0,0,1.0,0,1,60.0,0,1,1,5.0,3.0,26,0.37,0,1,1,1,0,0,1.0
6,10,30,0.117,8,7,5,6,8,1,0,0,0,0,0.0,0,1,40.0,0,1,0,0.0,1.0,9,0.64,0,1,1,1,0,0,0.0
6,10,30,0.117,8,7,5,6,8,1,0,0,0,0,0.0,0,1,30.0,0,1,0,0.0,4.0,27,0.64,0,1,1,0,0,0,0.0
6,17,30,0.117,8,7,5,6,8,0,1,0,0,0,0.0,0,1,50.0,0,1,1,5.0,4.0,28,0.85,0,1,0,1,1,0,-0.1
6,10,30,0.117,8,7,5,6,8,1,0,0,0,0,2.0,0,1,30.0,0,1,0,0.0,1.0,12,0.93,0,1,0,1,0,0,2.0
6,17,30,0.117,8,7,5,6,8,0,1,0,0,0,0.0,0,1,40.0,0,0,0,0.0,,.,.,0,1,.,.,1,0,-0.1
6,10,30,0.117,8,7,5,6,8,1,0,0,0,0,0.0,1,1,40.0,0,0,0,0.0,,.,.,0,1,.,.,0,0,0.0
6,10,30,0.117,8,7,5,6,8,1,0,0,0,0,0.0,1,1,70.0,0,0,0,0.0,,.,.,0,1,.,.,0,0,0.0
6,10,30,0.117,8,7,5,6,8,1,0,0,0,0,0.0,1,1,20.0,0,0,0,0.0,,.,.,0,1,.,.,0,0,0.0
6,10,30,0.117,8,7,5,6,8,1,0,0,0,0,0.0,1,1,30.0,0,0,0,0.0,,.,.,0,1,.,.,0,0,0.0
6,10,30,0.117,8,7,5,6,8,1,0,0,0,0,0.0,0,1,60.0,0,0,0,0.0,,.,.,0,1,.,.,0,0,0.0
6,10,30,0.117,8,7,5,6,8,1,0,0,0,0,0.0,1,1,40.0,0,0,0,0.0,,.,.,0,1,.,.,0,0,0.0
6,10,30,0.117,8,7,5,6,8,1,0,0,0,0,0.0,1,1,30.0,0,0,0,0.0,,.,.,0,1,.,.,0,0,0.0
6,10,30,0.117,8,7,5,6,8,1,0,0,0,0,0.0,0,1,30.0,0,0,0,0.0,,.,.,0,1,.,.,0,0,0.0
6,10,30,0.117,8,7,5,6,8,1,0,0,0,0,0.0,1,1,50.0,0,0,0,0.0,,.,.,0,1,.,.,0,0,0.0
6,10,30,0.117,8,7,5,6,8,1,0,0,0,0,0.0,1,0,30.0,0,0,0,0.0,,.,.,0,1,.,.,0,0,0.0
6,10,30,0.117,8,7,5,6,8,1,0,0,0,0,0.0,1,1,40.0,0,0,0,0.0,,.,.,0,1,.,.,0,0,0.0
6,10,30,0.117,8,7,5,6,8,1,0,0,0,0,1.0,1,1,20.0,0,0,0,0.0,,.,.,0,1,.,.,0,0,1.0
6,10,30,0.117,8,7,5,6,8,1,0,0,0,0,3.0,1,1,50.0,0,0,0,0.0,,.,.,0,1,.,.,0,0,3.0
6,17,32,-0.937,6,6,8,8,7,0,0,0,1,0,10.0,0,1,45.0,0,1,0,0.0,1.0,11,-0.89,0,1,1,0,0,1,5.0
6,17,32,-0.937,6,6,8,8,7,0,0,0,1,0,0.0,1,1,40.0,0,1,0,0.0,1.0,9,0.64,0,1,1,1,0,1,-5.0
6,17,32,-0.937,6,6,8,8,7,0,0,0,1,0,0.0,0,1,30.0,0,1,0,0.0,1.0,9,0.64,0,1,1,1,0,1,-5.0
6,17,32,-0.937,6,6,8,8,7,0,0,0,1,0,0.0,0,1,25.0,1,0,0,0.0,,.,.,0,1,.,.,0,1,-5.0
6,17,32,-0.937,6,6,8,8,7,0,0,0,1,0,0.0,1,0,25.0,1,0,0,0.0,,.,.,0,1,.,.,0,1,-5.0
6,17,32,-0.937,6,6,8,8,7,0,0,0,1,0,0.0,0,0,25.0,0,0,0,0.0,,.,.,0,1,.,.,0,1,-5.0
6,17,32,-0.937,6,6,8,8,7,0,0,0,1,0,2.0,0,1,60.0,0,0,0,0.0,,.,.,0,1,.,.,0,1,-3.0
6,10,35,-0.218,6,8,6,7,8,0,0,0,1,0,0.0,1,1,40.0,1,1,0,0.0,3.0,45,-0.37,1,0,0,0,0,1,-5.0
6,10,35,-0.218,6,8,6,7,8,0,0,0,1,0,3.01,0,0,60.0,0,1,0,0.0,3.0,25,0.42,1,0,0,1,0,1,-1.9900000000000002
6,10,35,-0.218,6,8,6,7,8,0,0,0,1,0,0.0,1,1,40.0,0,1,1,1.0,4.0,27,0.64,1,0,1,0,0,1,-5.0
6,10,35,-0.218,6,8,6,7,8,0,0,0,1,0,0.0,1,1,80.0,0,1,1,3.0,4.0,28,0.85,1,0,0,1,0,1,-5.0
6,10,35,-0.218,6,8,6,7,8,0,0,0,1,0,0.0,0,1,80.0,1,0,0,0.0,,.,.,1,0,.,.,0,1,-5.0
6,10,35,-0.218,6,8,6,7,8,0,0,0,1,0,0.0,0,1,30.0,0,0,0,0.0,,.,.,1,0,.,.,0,1,-5.0
6,10,35,-0.218,6,8,6,7,8,0,0,0,1,0,0.0,1,1,40.0,0,0,0,0.0,,.,.,1,0,.,.,0,1,-5.0
6,10,35,-0.218,6,8,6,7,8,0,0,0,1,0,4.0,1,0,40.0,0,0,0,0.0,,.,.,1,0,.,.,0,1,-1.0
6,10,35,-0.218,6,8,6,7,8,0,0,0,1,0,5.0,1,1,30.0,0,0,0,0.0,,.,.,1,0,.,.,0,1,0.0
6,10,35,-0.218,6,8,6,7,8,0,0,0,1,0,10.0,1,1,40.0,1,0,0,0.0,,.,.,1,0,.,.,0,1,5.0
6,10,35,-0.218,6,8,6,7,8,0,0,0,1,0,20.0,0,1,30.0,1,0,0,0.0,,.,.,1,0,.,.,0,1,15.0
6,10,35,-0.218,6,8,6,7,8,0,0,0,1,0,20.0,1,1,40.0,0,0,0,0.0,,.,.,1,0,.,.,0,1,15.0
6,10,35,-0.218,6,8,6,7,8,0,0,0,1,0,20.0,1,1,40.0,1,0,0,0.0,,.,.,1,0,.,.,0,1,15.0
6,10,35,-0.218,6,8,6,7,8,0,0,0,1,0,30.0,0,1,30.0,0,0,0,0.0,,.,.,1,0,.,.,0,1,25.0
6,10,35,-0.218,6,8,6,7,8,0,0,0,1,0,30.0,1,1,50.0,1,0,0,0.0,,.,.,1,0,.,.,0,1,25.0
6,17,36,-0.324,5,8,7,7,7,0,1,0,0,0,0.0,0,1,50.0,0,1,0,0.0,3.0,35,-0.57,0,0,0,1,1,0,-0.1
6,15,36,-0.324,5,8,7,7,7,1,0,0,0,0,0.0,0,1,40.0,0,1,1,5.0,4.0,1,-0.43,0,0,1,0,0,0,0.0
6,10,36,-0.324,5,8,7,7,7,0,0,0,1,0,0.0,1,1,40.0,1,1,1,2.0,3.0,45,-0.37,0,0,0,0,0,1,-5.0
6,17,36,-0.324,5,8,7,7,7,0,1,0,0,0,0.0,1,1,60.0,0,1,1,2.0,3.0,45,-0.37,0,0,0,0,1,0,-0.1
6,17,36,-0.324,5,8,7,7,7,0,1,0,0,0,0.0,1,1,30.0,1,1,1,1.0,3.0,45,-0.37,0,0,0,0,1,0,-0.1
6,17,36,-0.324,5,8,7,7,7,0,1,0,0,0,0.0,1,1,40.0,0,1,1,1.0,3.0,45,-0.37,0,0,0,0,1,0,-0.1
6,17,36,-0.324,5,8,7,7,7,0,1,0,0,0,0.0,1,1,20.0,0,1,1,1.0,3.0,45,-0.37,0,0,0,0,1,0,-0.1
6,17,36,-0.324,5,8,7,7,7,0,1,0,0,0,0.0,1,1,50.0,1,1,1,2.0,3.0,34,-0.27,0,0,1,1,1,0,-0.1
6,15,36,-0.324,5,8,7,7,7,1,0,0,0,0,0.0,1,1,50.0,0,1,0,0.0,1.0,10,-0.07,0,0,0,1,0,0,0.0
6,15,36,-0.324,5,8,7,7,7,1,0,0,0,0,0.0,0,1,30.0,0,1,0,0.0,1.0,10,-0.07,0,0,0,1,0,0,0.0
6,10,36,-0.324,5,8,7,7,7,0,0,0,1,0,0.0,1,1,40.0,0,1,0,0.0,3.0,24,-0.03,0,0,0,0,0,1,-5.0
6,10,36,-0.324,5,8,7,7,7,0,0,0,1,0,0.0,0,1,60.0,1,1,0,0.0,3.0,22,0.23,0,0,1,1,0,1,-5.0
6,17,36,-0.324,5,8,7,7,7,0,1,0,0,0,0.0,0,1,60.0,0,1,1,5.0,4.0,27,0.64,0,0,1,0,1,0,-0.1
6,17,36,-0.324,5,8,7,7,7,0,1,0,0,0,3.0,1,1,50.0,0,1,1,1.0,4.0,27,0.64,0,0,1,0,1,0,2.9
6,10,36,-0.324,5,8,7,7,7,0,0,0,1,0,0.0,1,1,40.0,1,0,0,0.0,,.,.,0,0,.,.,0,1,-5.0
6,10,36,-0.324,5,8,7,7,7,0,0,0,1,0,0.0,0,1,30.0,1,0,0,0.0,,.,.,0,0,.,.,0,1,-5.0
6,10,36,-0.324,5,8,7,7,7,0,0,0,1,0,0.0,0,1,30.0,1,0,0,0.0,,.,.,0,0,.,.,0,1,-5.0
6,10,36,-0.324,5,8,7,7,7,0,0,0,1,0,0.0,1,1,50.0,1,0,0,0.0,,.,.,0,0,.,.,0,1,-5.0
6,10,36,-0.324,5,8,7,7,7,0,0,0,1,0,0.0,0,0,30.0,1,0,0,0.0,,.,.,0,0,.,.,0,1,-5.0
6,10,36,-0.324,5,8,7,7,7,0,0,0,1,0,0.0,0,1,40.0,1,0,0,0.0,,.,.,0,0,.,.,0,1,-5.0
6,10,36,-0.324,5,8,7,7,7,0,0,0,1,0,0.0,0,1,30.0,0,0,0,0.0,,.,.,0,0,.,.,0,1,-5.0
6,10,36,-0.324,5,8,7,7,7,0,0,0,1,0,3.0,0,1,30.0,0,0,0,0.0,,.,.,0,0,.,.,0,1,-2.0
6,10,36,-0.324,5,8,7,7,7,0,0,0,1,0,20.0,1,1,60.0,1,0,0,0.0,,.,.,0,0,.,.,0,1,15.0
6,10,36,-0.324,5,8,7,7,7,0,0,0,1,0,20.0,1,1,40.0,1,0,0,0.0,,.,.,0,0,.,.,0,1,15.0
6,10,36,-0.324,5,8,7,7,7,0,0,0,1,0,25.0,0,1,40.0,0,0,0,0.0,,.,.,0,0,.,.,0,1,20.0
6,17,36,-0.324,5,8,7,7,7,0,1,0,0,0,0.0,0,1,60.0,0,0,0,0.0,,.,.,0,0,.,.,1,0,-0.1
6,17,36,-0.324,5,8,7,7,7,0,1,0,0,0,5.0,0,1,40.0,0,0,0,0.0,,.,.,0,0,.,.,1,0,4.9
6,15,36,-0.324,5,8,7,7,7,1,0,0,0,0,0.0,1,1,40.0,0,0,0,0.0,,.,.,0,0,.,.,0,0,0.0
6,15,36,-0.324,5,8,7,7,7,1,0,0,0,0,0.0,0,1,40.0,0,0,0,0.0,,.,.,0,0,.,.,0,0,0.0
6,15,36,-0.324,5,8,7,7,7,1,0,0,0,0,0.0,0,1,30.0,0,0,0,0.0,,.,.,0,0,.,.,0,0,0.0
6,17,27,0.096,5,5,5,8,6,0,0,1,0,0,0.0,0,0,30.0,0,1,0,0.0,4.0,2,-0.81,1,1,0,0,1,0,0.0
6,15,27,0.096,5,5,5,8,6,0,0,1,0,0,2.0,0,1,70.0,0,1,1,5.0,4.0,52,-0.46,1,1,0,1,1,0,1.9
6,17,27,0.096,5,5,5,8,6,0,0,1,0,0,0.0,1,1,50.0,0,1,1,1.0,4.0,53,0.09,1,1,0,0,1,0,0.0
6,17,27,0.096,5,5,5,8,6,0,0,1,0,0,0.0,0,1,30.0,0,1,1,2.0,4.0,53,0.09,1,1,0,0,1,0,0.0
6,17,27,0.096,5,5,5,8,6,0,0,1,0,0,1.0,1,1,40.0,0,1,1,1.0,4.0,53,0.09,1,1,0,0,1,0,0.9
6,17,27,0.096,5,5,5,8,6,0,0,1,0,0,1.0,0,1,40.0,0,1,1,1.0,4.0,53,0.09,1,1,0,0,1,0,0.9
6,15,27,0.096,5,5,5,8,6,0,0,1,0,0,5.0,1,1,50.0,0,1,1,2.0,4.0,54,0.17,1,1,1,1,1,0,4.9
6,17,27,0.096,5,5,5,8,6,0,0,1,0,0,10.0,1,1,40.0,0,1,1,10.0,2.0,16,0.22,1,1,0,1,1,0,9.9
6,15,27,0.096,5,5,5,8,6,0,0,1,0,0,2.0,1,1,50.0,0,1,1,2.0,3.0,51,0.72,1,1,0,1,1,0,1.9
6,15,27,0.096,5,5,5,8,6,0,0,1,0,0,5.0,0,1,40.0,0,1,1,1.0,4.0,51,0.72,1,1,0,1,1,0,4.9
6,17,27,0.096,5,5,5,8,6,0,0,1,0,0,1.0,0,1,40.0,0,1,1,5.0,2.0,17,0.96,1,1,0,1,1,0,0.9
6,15,27,0.096,5,5,5,8,6,0,0,1,0,0,0.0,1,1,50.0,0,0,0,0.0,,.,.,1,1,.,.,1,0,0.0
6,17,27,0.096,5,5,5,8,6,0,0,1,0,0,0.0,1,1,70.0,0,0,0,0.0,,.,.,1,1,.,.,1,0,0.0
6,17,27,0.096,5,5,5,8,6,0,0,1,0,0,0.0,0,0,20.0,0,0,0,0.0,,.,.,1,1,.,.,1,0,0.0
6,17,27,0.096,5,5,5,8,6,0,0,1,0,0,0.0,0,0,30.0,0,0,0,0.0,,.,.,1,1,.,.,1,0,0.0
6,17,27,0.096,5,5,5,8,6,0,0,1,0,0,0.0,0,1,40.0,0,0,0,0.0,,.,.,1,1,.,.,1,0,0.0
6,17,27,0.096,5,5,5,8,6,0,0,1,0,0,1.0,1,1,40.0,0,0,0,0.0,,.,.,1,1,.,.,1,0,0.9
6,17,27,0.096,5,5,5,8,6,0,0,1,0,0,5.0,0,1,40.0,0,0,0,0.0,,.,.,1,1,.,.,1,0,4.9
6,15,27,0.096,5,5,5,8,6,0,0,1,0,0,15.0,0,1,30.0,0,0,0,0.0,,.,.,1,1,.,.,1,0,14.9
6,15,34,0.329,7,4,7,6,6,0,0,1,0,0,0.0,1,1,40.0,0,1,1,1.0,4.0,52,-0.46,0,1,0,1,1,0,0.0
6,15,34,0.329,7,4,7,6,6,0,0,1,0,0,1.0,0,1,60.0,0,1,1,5.0,3.0,53,0.09,0,1,0,0,1,0,0.9
6,15,34,0.329,7,4,7,6,6,0,0,1,0,0,1.0,0,1,60.0,0,1,0,0.0,4.0,51,0.72,0,1,0,1,1,0,0.9
6,15,34,0.329,7,4,7,6,6,0,0,1,0,0,2.0,1,1,60.0,0,1,1,5.0,4.0,51,0.72,0,1,0,1,1,0,1.9
6,15,34,0.329,7,4,7,6,6,0,0,1,0,0,2.0,1,0,40.0,0,1,1,3.0,4.0,51,0.72,0,1,0,1,1,0,1.9
6,10,28,1.028,7,4,7,6,6,0,0,1,0,0,0.0,1,1,60.0,0,1,1,5.0,4.0,52,-0.46,0,1,0,1,1,0,0.0
6,10,28,1.028,7,4,7,6,6,0,0,1,0,0,0.0,0,1,70.0,0,1,1,1.0,4.0,52,-0.46,0,1,0,1,1,0,0.0
6,10,28,1.028,7,4,7,6,6,0,0,1,0,0,2.0,0,0,50.0,0,0,0,0.0,,.,.,0,1,.,.,1,0,1.9
6,17,29,0.595,5,3,2,6,8,0,0,1,0,0,1.0,0,0,40.0,0,1,1,1.0,4.0,2,-0.81,0,0,0,0,1,0,0.9
6,17,29,0.595,5,3,2,6,8,0,0,1,0,0,0.0,1,1,40.0,0,1,0,0.0,4.0,52,-0.46,0,0,0,1,1,0,0.0
6,17,29,0.595,5,3,2,6,8,0,0,1,0,0,5.0,1,1,60.0,0,1,1,5.0,1.0,9,0.64,0,0,1,1,1,0,4.9
6,17,29,0.595,5,3,2,6,8,0,0,1,0,0,1.0,1,1,70.0,0,1,1,1.0,4.0,51,0.72,0,0,0,1,1,0,0.9
6,17,29,0.595,5,3,2,6,8,0,0,1,0,0,0.0,1,1,40.0,0,0,0,0.0,,.,.,0,0,.,.,1,0,0.0
6,17,29,0.595,5,3,2,6,8,0,0,1,0,0,0.0,1,0,40.0,0,0,0,0.0,,.,.,0,0,.,.,1,0,0.0
6,17,29,0.595,5,3,2,6,8,0,0,1,0,0,1.0,0,1,30.0,0,0,0,0.0,,.,.,0,0,.,.,1,0,0.9
6,7,12,-0.05,6,3,4,4,6,0,0,1,0,0,1.0,1,1,20.0,0,1,0,0.0,2.0,21,-0.18,0,1,0,1,1,0,0.9
6,7,12,-0.05,6,3,4,4,6,0,0,1,0,0,1.18,1,1,20.0,0,1,0,0.0,2.0,21,-0.18,0,1,0,1,1,0,1.0799999999999998
6,7,12,-0.05,6,3,4,4,6,0,0,1,0,0,1.0,0,1,30.0,0,1,0,0.0,2.0,19,0.46,0,1,1,1,1,0,0.9
6,7,12,-0.05,6,3,4,4,6,0,0,1,0,0,2.0,1,1,30.0,0,1,0,0.0,2.0,19,0.46,0,1,1,1,1,0,1.9
6,15,12,-0.05,6,3,4,4,6,0,0,1,0,0,2.0,1,1,30.0,0,1,1,3.0,4.0,51,0.72,0,1,0,1,1,0,1.9
6,7,12,-0.05,6,3,4,4,6,0,0,1,0,0,0.0,1,1,70.0,0,0,0,0.0,,.,.,0,1,.,.,1,0,0.0
6,7,12,-0.05,6,3,4,4,6,0,0,1,0,0,0.0,0,0,30.0,0,0,0,0.0,,.,.,0,1,.,.,1,0,0.0
6,7,12,-0.05,6,3,4,4,6,0,0,1,0,0,0.0,1,1,20.0,0,0,0,0.0,,.,.,0,1,.,.,1,0,0.0
6,7,12,-0.05,6,3,4,4,6,0,0,1,0,0,0.0,1,1,70.0,0,0,0,0.0,,.,.,0,1,.,.,1,0,0.0
6,7,12,-0.05,6,3,4,4,6,0,0,1,0,0,1.0,0,1,60.0,0,0,0,0.0,,.,.,0,1,.,.,1,0,0.9
6,15,12,-0.05,6,3,4,4,6,0,0,1,0,0,1.0,0,1,30.0,0,0,0,0.0,,.,.,0,1,.,.,1,0,0.9
6,15,12,-0.05,6,3,4,4,6,0,0,1,0,0,1.0,0,1,40.0,0,0,0,0.0,,.,.,0,1,.,.,1,0,0.9
6,15,12,-0.05,6,3,4,4,6,0,0,1,0,0,2.0,1,1,40.0,0,0,0,0.0,,.,.,0,1,.,.,1,0,1.9
6,15,12,-0.05,6,3,4,4,6,0,0,1,0,0,2.0,1,1,40.0,0,0,0,0.0,,.,.,0,1,.,.,1,0,1.9
6,15,12,-0.05,6,3,4,4,6,0,0,1,0,0,2.0,0,1,50.0,0,0,0,0.0,,.,.,0,1,.,.,1,0,1.9
6,15,15,0.446,3,4,1,6,4,0,0,1,0,0,0.0,0,1,50.0,0,1,0,0.0,3.0,46,-0.45,0,1,1,1,1,0,0.0
6,15,15,0.446,3,4,1,6,4,0,0,1,0,0,0.0,1,1,70.0,0,1,1,1.0,3.0,46,-0.45,0,1,1,1,1,0,0.0
6,15,15,0.446,3,4,1,6,4,0,0,1,0,0,0.0,1,1,70.0,0,1,1,5.0,3.0,46,-0.45,0,1,1,1,1,0,0.0
6,15,15,0.446,3,4,1,6,4,0,0,1,0,0,0.0,0,1,30.0,0,1,0,0.0,3.0,44,0.13,0,1,0,0,1,0,0.0
6,15,15,0.446,3,4,1,6,4,0,0,1,0,0,0.0,1,1,40.0,0,0,0,0.0,,.,.,0,1,.,.,1,0,0.0
6,15,15,0.446,3,4,1,6,4,0,0,1,0,0,0.0,1,0,30.0,0,0,0,0.0,,.,.,0,1,.,.,1,0,0.0
6,15,15,0.446,3,4,1,6,4,0,0,1,0,0,0.0,1,1,40.0,0,0,0,0.0,,.,.,0,1,.,.,1,0,0.0
6,15,15,0.446,3,4,1,6,4,0,0,1,0,0,0.0,1,1,60.0,0,0,0,0.0,,.,.,0,1,.,.,1,0,0.0
6,15,15,0.446,3,4,1,6,4,0,0,1,0,0,0.0,0,1,50.0,0,0,0,0.0,,.,.,0,1,.,.,1,0,0.0
6,15,15,0.446,3,4,1,6,4,0,0,1,0,0,0.0,1,1,60.0,0,0,0,0.0,,.,.,0,1,.,.,1,0,0.0
6,15,15,0.446,3,4,1,6,4,0,0,1,0,0,0.0,1,1,70.0,0,0,0,0.0,,.,.,0,1,.,.,1,0,0.0
6,15,15,0.446,3,4,1,6,4,0,0,1,0,0,0.0,1,1,40.0,0,0,0,0.0,,.,.,0,1,.,.,1,0,0.0
6,15,15,0.446,3,4,1,6,4,0,0,1,0,0,20.0,0,1,40.0,0,0,0,0.0,,.,.,0,1,.,.,1,0,19.9
6,24,15,0.446,3,4,1,6,4,0,0,1,0,0,0.0,0,1,30.0,0,0,0,0.0,,.,.,0,1,.,.,1,0,0.0
6,24,15,0.446,3,4,1,6,4,0,0,1,0,0,0.0,1,1,30.0,0,0,0,0.0,,.,.,0,1,.,.,1,0,0.0
6,24,15,0.446,3,4,1,6,4,0,0,1,0,0,7.0,0,1,40.0,1,0,0,0.0,,.,.,0,1,.,.,1,0,6.9
6,24,15,0.446,3,4,1,6,4,0,0,1,0,0,0.0,1,1,30.0,0,0,0,0.0,,.,.,0,1,.,.,1,0,0.0
6,24,15,0.446,3,4,1,6,4,0,0,1,0,0,0.0,1,1,30.0,0,0,0,0.0,,.,.,0,1,.,.,1,0,0.0
6,24,15,0.446,3,4,1,6,4,0,0,1,0,0,0.0,0,0,40.0,0,0,0,0.0,,.,.,0,1,.,.,1,0,0.0
6,24,15,0.446,3,4,1,6,4,0,0,1,0,0,0.0,0,1,50.0,0,0,0,0.0,,.,.,0,1,.,.,1,0,0.0
6,24,15,0.446,3,4,1,6,4,0,0,1,0,0,0.0,0,1,30.0,0,0,0,0.0,,.,.,0,1,.,.,1,0,0.0
6,24,15,0.446,3,4,1,6,4,0,0,1,0,0,0.0,0,1,40.0,0,0,0,0.0,,.,.,0,1,.,.,1,0,0.0
6,24,15,0.446,3,4,1,6,4,0,0,1,0,0,0.0,1,1,40.0,0,0,0,0.0,,.,.,0,1,.,.,1,0,0.0
6,24,15,0.446,3,4,1,6,4,0,0,1,0,0,0.0,0,1,40.0,0,0,0,0.0,,.,.,0,1,.,.,1,0,0.0
6,24,15,0.446,3,4,1,6,4,0,0,1,0,0,0.0,1,1,50.0,0,0,0,0.0,,.,.,0,1,.,.,1,0,0.0
6,24,15,0.446,3,4,1,6,4,0,0,1,0,0,25.0,0,1,50.0,0,0,0,0.0,,.,.,0,1,.,.,1,0,24.9
6,24,15,0.446,3,4,1,6,4,0,0,1,0,0,4.0,1,1,50.0,0,0,0,0.0,,.,.,0,1,.,.,1,0,3.9
6,24,15,0.446,3,4,1,6,4,0,0,1,0,0,0.0,1,1,30.0,0,0,0,0.0,,.,.,0,1,.,.,1,0,0.0
6,7,33,1.033,4,7,3,5,5,0,0,1,0,0,0.0,1,1,60.0,0,1,0,0.0,2.0,19,0.46,0,1,1,1,1,0,0.0
6,7,33,1.033,4,7,3,5,5,0,0,1,0,0,0.0,0,1,80.0,0,1,0,0.0,2.0,20,0.61,0,1,0,1,1,0,0.0
6,7,33,1.033,4,7,3,5,5,0,0,1,0,0,0.0,0,1,30.0,0,0,0,0.0,,.,.,0,1,.,.,1,0,0.0
6,7,33,1.033,4,7,3,5,5,0,0,1,0,0,0.0,0,1,50.0,0,0,0,0.0,,.,.,0,1,.,.,1,0,0.0
6,7,33,1.033,4,7,3,5,5,0,0,1,0,0,0.0,1,1,20.0,0,0,0,0.0,,.,.,0,1,.,.,1,0,0.0
6,7,33,1.033,4,7,3,5,5,0,0,1,0,0,0.0,1,0,30.0,0,0,0,0.0,,.,.,0,1,.,.,1,0,0.0
6,7,33,1.033,4,7,3,5,5,0,0,1,0,0,0.0,1,1,20.0,0,0,0,0.0,,.,.,0,1,.,.,1,0,0.0
6,7,33,1.033,4,7,3,5,5,0,0,1,0,0,0.0,0,1,80.0,0,0,0,0.0,,.,.,0,1,.,.,1,0,0.0
6,7,33,1.033,4,7,3,5,5,0,0,1,0,0,0.0,0,1,50.0,0,0,0,0.0,,.,.,0,1,.,.,1,0,0.0
6,7,33,1.033,4,7,3,5,5,0,0,1,0,0,2.0,0,1,40.0,0,0,0,0.0,,.,.,0,1,.,.,1,0,1.9
6,15,30,0.117,8,7,5,6,8,0,0,1,0,0,0.0,0,1,60.0,0,1,1,1.0,3.0,46,-0.45,0,1,1,1,1,0,0.0
6,15,30,0.117,8,7,5,6,8,0,0,1,0,0,0.0,0,1,60.0,0,1,1,5.0,3.0,46,-0.45,0,1,1,1,1,0,0.0
6,15,30,0.117,8,7,5,6,8,0,0,1,0,0,0.0,1,1,50.0,0,1,0,0.0,3.0,45,-0.37,0,1,0,0,1,0,0.0
6,15,30,0.117,8,7,5,6,8,0,0,1,0,0,0.0,0,1,60.0,0,1,0,0.0,3.0,45,-0.37,0,1,0,0,1,0,0.0
6,7,30,0.117,8,7,5,6,8,0,0,1,0,0,1.0,0,1,40.0,0,1,0,0.0,2.0,21,-0.18,0,1,0,1,1,0,0.9
6,15,30,0.117,8,7,5,6,8,0,0,1,0,0,5.0,1,1,50.0,0,1,1,4.0,3.0,44,0.13,0,1,0,0,1,0,4.9
6,7,30,0.117,8,7,5,6,8,0,0,1,0,0,10.0,0,1,40.0,0,1,0,0.0,2.0,16,0.22,0,1,0,1,1,0,9.9
6,7,30,0.117,8,7,5,6,8,0,0,1,0,0,0.0,0,0,30.0,0,0,0,0.0,,.,.,0,1,.,.,1,0,0.0
6,7,30,0.117,8,7,5,6,8,0,0,1,0,0,0.0,0,1,70.0,0,0,0,0.0,,.,.,0,1,.,.,1,0,0.0
6,7,30,0.117,8,7,5,6,8,0,0,1,0,0,0.0,1,0,20.0,0,0,0,0.0,,.,.,0,1,.,.,1,0,0.0
6,7,30,0.117,8,7,5,6,8,0,0,1,0,0,0.0,1,1,30.0,0,0,0,0.0,,.,.,0,1,.,.,1,0,0.0
6,15,30,0.117,8,7,5,6,8,0,0,1,0,0,0.0,1,1,30.0,0,0,0,0.0,,.,.,0,1,.,.,1,0,0.0
6,15,30,0.117,8,7,5,6,8,0,0,1,0,0,0.0,0,1,40.0,0,0,0,0.0,,.,.,0,1,.,.,1,0,0.0
6,15,30,0.117,8,7,5,6,8,0,0,1,0,0,0.0,1,0,30.0,0,0,0,0.0,,.,.,0,1,.,.,1,0,0.0
6,15,30,0.117,8,7,5,6,8,0,0,1,0,0,0.0,0,1,70.0,0,0,0,0.0,,.,.,0,1,.,.,1,0,0.0
6,15,30,0.117,8,7,5,6,8,0,0,1,0,0,0.0,1,1,60.0,0,0,0,0.0,,.,.,0,1,.,.,1,0,0.0
6,15,30,0.117,8,7,5,6,8,0,0,1,0,0,0.0,1,1,70.0,0,0,0,0.0,,.,.,0,1,.,.,1,0,0.0
6,15,30,0.117,8,7,5,6,8,0,0,1,0,0,0.0,0,1,30.0,0,0,0,0.0,,.,.,0,1,.,.,1,0,0.0
6,7,30,0.117,8,7,5,6,8,0,0,1,0,0,1.0,0,0,17.0,0,0,0,0.0,,.,.,0,1,.,.,1,0,0.9
6,7,30,0.117,8,7,5,6,8,0,0,1,0,0,1.0,1,0,40.0,0,0,0,0.0,,.,.,0,1,.,.,1,0,0.9
6,7,30,0.117,8,7,5,6,8,0,0,1,0,0,4.0,1,1,40.0,0,0,0,0.0,,.,.,0,1,.,.,1,0,3.9
6,15,30,0.117,8,7,5,6,8,0,0,1,0,0,5.0,0,0,40.0,0,0,0,0.0,,.,.,0,1,.,.,1,0,4.9
6,10,31,0.517,4,4,3,-1,4,0,0,1,0,0,0.0,0,1,60.0,0,1,1,3.0,4.0,53,0.09,0,1,0,0,1,0,0.0
6,10,31,0.517,4,4,3,-1,4,0,0,1,0,0,0.0,0,1,40.0,0,1,0,0.0,4.0,51,0.72,0,1,0,1,1,0,0.0
6,10,31,0.517,4,4,3,-1,4,0,0,1,0,0,0.0,0,1,30.0,0,0,0,0.0,,.,.,0,1,.,.,1,0,0.0
6,10,31,0.517,4,4,3,-1,4,0,0,1,0,0,0.0,1,1,40.0,0,0,0,0.0,,.,.,0,1,.,.,1,0,0.0
6,10,31,0.517,4,4,3,-1,4,0,0,1,0,0,3.0,1,1,40.0,0,0,0,0.0,,.,.,0,1,.,.,1,0,2.9
6,22,35,-0.218,6,8,6,7,8,0,0,1,0,0,0.0,0,1,40.0,0,1,0,0.0,3.0,35,-0.57,1,0,0,1,1,0,0.0
6,22,35,-0.218,6,8,6,7,8,0,0,1,0,0,0.0,1,1,60.0,0,1,0,0.0,2.0,20,0.61,1,0,0,1,1,0,0.0
6,22,35,-0.218,6,8,6,7,8,0,0,1,0,0,0.0,1,1,50.0,0,1,0,0.0,2.0,17,0.96,1,0,0,1,1,0,0.0
6,22,35,-0.218,6,8,6,7,8,0,0,1,0,0,0.0,1,1,20.0,0,0,0,0.0,,.,.,1,0,.,.,1,0,0.0
6,22,35,-0.218,6,8,6,7,8,0,0,1,0,0,40.0,1,1,40.0,0,0,0,0.0,,.,.,1,0,.,.,1,0,39.9
6,22,35,-0.218,6,8,6,7,8,0,0,1,0,0,1.0,1,1,40.0,0,0,0,0.0,,.,.,1,0,.,.,1,0,0.9
6,22,35,-0.218,6,8,6,7,8,0,0,1,0,0,0.0,0,1,30.0,0,0,0,0.0,,.,.,1,0,.,.,1,0,0.0
6,22,35,-0.218,6,8,6,7,8,0,0,1,0,0,0.0,0,1,40.0,0,0,0,0.0,,.,.,1,0,.,.,1,0,0.0
6,24,35,-0.218,6,8,6,7,8,0,0,1,0,0,0.0,1,1,40.0,0,0,0,0.0,,.,.,1,0,.,.,1,0,0.0
6,24,35,-0.218,6,8,6,7,8,0,0,1,0,0,25.0,1,1,30.0,0,0,0,0.0,,.,.,1,0,.,.,1,0,24.9
6,24,35,-0.218,6,8,6,7,8,0,0,1,0,0,0.0,0,0,20.0,0,0,0,0.0,,.,.,1,0,.,.,1,0,0.0
6,24,35,-0.218,6,8,6,7,8,0,0,1,0,0,20.0,1,1,40.0,0,0,0,0.0,,.,.,1,0,.,.,1,0,19.9
6,24,35,-0.218,6,8,6,7,8,0,0,1,0,0,10.0,0,0,30.0,0,0,0,0.0,,.,.,1,0,.,.,1,0,9.9
6,24,35,-0.218,6,8,6,7,8,0,0,1,0,0,0.0,0,1,30.0,0,0,0,0.0,,.,.,1,0,.,.,1,0,0.0
6,24,35,-0.218,6,8,6,7,8,0,0,1,0,0,0.0,0,1,40.0,0,0,0,0.0,,.,.,1,0,.,.,1,0,0.0
6,24,35,-0.218,6,8,6,7,8,0,0,1,0,0,0.0,0,1,30.0,0,0,0,0.0,,.,.,1,0,.,.,1,0,0.0
6,24,35,-0.218,6,8,6,7,8,0,0,1,0,0,0.0,1,1,50.0,0,0,0,0.0,,.,.,1,0,.,.,1,0,0.0
6,24,35,-0.218,6,8,6,7,8,0,0,1,0,0,0.0,1,1,40.0,0,0,0,0.0,,.,.,1,0,.,.,1,0,0.0
6,24,35,-0.218,6,8,6,7,8,0,0,1,0,0,0.0,0,1,30.0,0,0,0,0.0,,.,.,1,0,.,.,1,0,0.0
6,24,35,-0.218,6,8,6,7,8,0,0,1,0,0,5.0,0,1,30.0,0,0,0,0.0,,.,.,1,0,.,.,1,0,4.9
6,24,35,-0.218,6,8,6,7,8,0,0,1,0,0,0.0,1,1,40.0,0,0,0,0.0,,.,.,1,0,.,.,1,0,0.0
6,24,35,-0.218,6,8,6,7,8,0,0,1,0,0,0.0,1,1,60.0,0,0,0,0.0,,.,.,1,0,.,.,1,0,0.0
6,24,35,-0.218,6,8,6,7,8,0,0,1,0,0,0.0,1,0,40.0,0,0,0,0.0,,.,.,1,0,.,.,1,0,0.0
6,24,35,-0.218,6,8,6,7,8,0,0,1,0,0,5.0,0,1,40.0,0,0,0,0.0,,.,.,1,0,.,.,1,0,4.9
6,7,27,0.096,5,5,5,8,6,0,0,0,0,1,0.0,1,1,50.0,0,1,0,0.0,4.0,57,-0.8,1,1,0,1,0,1,0.0
6,7,27,0.096,5,5,5,8,6,0,0,0,0,1,0.0,1,1,40.0,0,1,0,0.0,4.0,57,-0.8,1,1,0,1,0,1,0.0
6,7,27,0.096,5,5,5,8,6,0,0,0,0,1,25.0,1,1,40.0,0,1,1,30.0,4.0,57,-0.8,1,1,0,1,0,1,20.0
6,7,27,0.096,5,5,5,8,6,0,0,0,0,1,0.0,0,1,40.0,0,1,1,2.0,4.0,56,-0.49,1,1,0,1,0,1,0.0
6,7,27,0.096,5,5,5,8,6,0,0,0,0,1,0.0,0,1,40.0,0,1,1,1.0,4.0,56,-0.49,1,1,0,1,0,1,0.0
6,7,27,0.096,5,5,5,8,6,0,0,0,0,1,25.0,0,1,40.0,0,1,0,0.0,4.0,56,-0.49,1,1,0,1,0,1,20.0
6,24,27,0.096,5,5,5,8,6,0,0,0,0,1,0.0,1,1,60.0,0,1,0,0.0,1.0,14,0.09,1,1,1,1,0,1,0.0
6,24,27,0.096,5,5,5,8,6,0,0,0,0,1,0.0,0,0,20.0,0,1,0,0.0,4.0,54,0.17,1,1,1,1,0,1,0.0
6,7,27,0.096,5,5,5,8,6,0,0,0,0,1,0.0,1,1,50.0,0,0,0,0.0,,.,.,1,1,.,.,0,1,0.0
6,7,27,0.096,5,5,5,8,6,0,0,0,0,1,0.0,0,1,40.0,0,0,0,0.0,,.,.,1,1,.,.,0,1,0.0
6,7,27,0.096,5,5,5,8,6,0,0,0,0,1,0.0,1,1,50.0,0,0,0,0.0,,.,.,1,1,.,.,0,1,0.0
6,7,27,0.096,5,5,5,8,6,0,0,0,0,1,0.0,1,1,60.0,0,0,0,0.0,,.,.,1,1,.,.,0,1,0.0
6,7,27,0.096,5,5,5,8,6,0,0,0,0,1,0.0,0,1,50.0,0,0,0,0.0,,.,.,1,1,.,.,0,1,0.0
6,7,27,0.096,5,5,5,8,6,0,0,0,0,1,0.0,0,1,60.0,0,0,0,0.0,,.,.,1,1,.,.,0,1,0.0
6,7,27,0.096,5,5,5,8,6,0,0,0,0,1,0.0,0,1,40.0,0,0,0,0.0,,.,.,1,1,.,.,0,1,0.0
6,7,27,0.096,5,5,5,8,6,0,0,0,0,1,0.0,1,1,40.0,0,0,0,0.0,,.,.,1,1,.,.,0,1,0.0
6,7,27,0.096,5,5,5,8,6,0,0,0,0,1,5.0,0,1,50.0,0,0,0,0.0,,.,.,1,1,.,.,0,1,0.0
6,24,27,0.096,5,5,5,8,6,0,0,0,0,1,0.0,1,1,40.0,0,0,0,0.0,,.,.,1,1,.,.,0,1,0.0
6,24,27,0.096,5,5,5,8,6,0,0,0,0,1,0.0,0,1,70.0,0,0,0,0.0,,.,.,1,1,.,.,0,1,0.0
6,24,27,0.096,5,5,5,8,6,0,0,0,0,1,0.0,1,0,40.0,0,0,0,0.0,,.,.,1,1,.,.,0,1,0.0
6,24,27,0.096,5,5,5,8,6,0,0,0,0,1,0.0,0,1,70.0,0,0,0,0.0,,.,.,1,1,.,.,0,1,0.0
6,24,27,0.096,5,5,5,8,6,0,0,0,0,1,0.0,1,1,40.0,0,0,0,0.0,,.,.,1,1,.,.,0,1,0.0
6,24,27,0.096,5,5,5,8,6,0,0,0,0,1,0.0,0,0,40.0,0,0,0,0.0,,.,.,1,1,.,.,0,1,0.0
6,24,27,0.096,5,5,5,8,6,0,0,0,0,1,0.0,0,1,60.0,0,0,0,0.0,,.,.,1,1,.,.,0,1,0.0
6,10,34,0.329,7,4,7,6,6,0,0,0,0,1,0.0,0,1,20.0,0,1,0,0.0,1.0,14,0.09,0,1,1,1,0,1,0.0
6,10,34,0.329,7,4,7,6,6,0,0,0,0,1,0.0,0,1,50.0,0,1,0,0.0,2.0,16,0.22,0,1,0,1,0,1,0.0
6,10,34,0.329,7,4,7,6,6,0,0,0,0,1,0.0,1,1,50.0,0,1,0,0.0,1.0,15,0.27,0,1,0,0,0,1,0.0
6,10,34,0.329,7,4,7,6,6,0,0,0,0,1,5.0,0,1,46.0,0,1,1,2.0,1.0,15,0.27,0,1,0,0,0,1,0.0
6,10,34,0.329,7,4,7,6,6,0,0,0,0,1,0.0,0,1,70.0,0,0,0,0.0,,.,.,0,1,.,.,0,1,0.0
6,10,34,0.329,7,4,7,6,6,0,0,0,0,1,0.0,0,1,20.0,0,0,0,0.0,,.,.,0,1,.,.,0,1,0.0
6,10,34,0.329,7,4,7,6,6,0,0,0,0,1,0.0,1,1,50.0,0,0,0,0.0,,.,.,0,1,.,.,0,1,0.0
6,10,34,0.329,7,4,7,6,6,0,0,0,0,1,0.0,0,1,50.0,0,0,0,0.0,,.,.,0,1,.,.,0,1,0.0
6,10,34,0.329,7,4,7,6,6,0,0,0,0,1,0.0,0,1,50.0,0,0,0,0.0,,.,.,0,1,.,.,0,1,0.0
6,10,29,0.595,5,3,2,6,8,0,0,0,0,1,0.0,0,1,70.0,0,1,0,0.0,2.0,8,-1.12,0,0,1,0,0,1,0.0
6,10,29,0.595,5,3,2,6,8,0,0,0,0,1,1.0,0,1,25.0,0,1,0,0.0,1.0,10,-0.07,0,0,0,1,0,1,-4.0
6,10,29,0.595,5,3,2,6,8,0,0,0,0,1,0.0,0,1,40.0,0,1,0,0.0,1.0,15,0.27,0,0,0,0,0,1,0.0
6,10,29,0.595,5,3,2,6,8,0,0,0,0,1,10.0,0,1,30.0,0,1,1,5.0,1.0,15,0.27,0,0,0,0,0,1,5.0
6,10,29,0.595,5,3,2,6,8,0,0,0,0,1,25.0,1,0,40.0,0,1,1,2.0,1.0,15,0.27,0,0,0,0,0,1,20.0
6,10,29,0.595,5,3,2,6,8,0,0,0,0,1,1.0,1,1,50.0,0,1,0,0.0,1.0,12,0.93,0,0,0,1,0,1,-4.0
6,10,29,0.595,5,3,2,6,8,0,0,0,0,1,0.0,1,0,40.0,0,1,0,0.0,1.0,13,1.19,0,0,0,1,0,1,0.0
6,10,29,0.595,5,3,2,6,8,0,0,0,0,1,0.0,0,1,30.0,0,1,0,0.0,1.0,13,1.19,0,0,0,1,0,1,0.0
6,10,29,0.595,5,3,2,6,8,0,0,0,0,1,0.0,1,1,30.0,0,1,1,2.0,1.0,13,1.19,0,0,0,1,0,1,0.0
6,10,29,0.595,5,3,2,6,8,0,0,0,0,1,0.0,0,1,25.0,0,0,0,0.0,,.,.,0,0,.,.,0,1,0.0
6,10,29,0.595,5,3,2,6,8,0,0,0,0,1,0.0,0,1,25.0,0,0,0,0.0,,.,.,0,0,.,.,0,1,0.0
6,10,29,0.595,5,3,2,6,8,0,0,0,0,1,0.0,1,1,25.0,0,0,0,0.0,,.,.,0,0,.,.,0,1,0.0
6,10,29,0.595,5,3,2,6,8,0,0,0,0,1,0.0,1,1,25.0,0,0,0,0.0,,.,.,0,0,.,.,0,1,0.0
6,10,29,0.595,5,3,2,6,8,0,0,0,0,1,0.0,0,1,50.0,0,0,0,0.0,,.,.,0,0,.,.,0,1,0.0
6,10,29,0.595,5,3,2,6,8,0,0,0,0,1,0.0,0,1,30.0,0,0,0,0.0,,.,.,0,0,.,.,0,1,0.0
6,10,29,0.595,5,3,2,6,8,0,0,0,0,1,0.0,0,1,40.0,0,0,0,0.0,,.,.,0,0,.,.,0,1,0.0
6,10,29,0.595,5,3,2,6,8,0,0,0,0,1,0.0,0,1,30.0,0,0,0,0.0,,.,.,0,0,.,.,0,1,0.0
6,10,29,0.595,5,3,2,6,8,0,0,0,0,1,0.0,0,1,70.0,0,0,0,0.0,,.,.,0,0,.,.,0,1,0.0
6,10,29,0.595,5,3,2,6,8,0,0,0,0,1,0.0,1,1,60.0,0,0,0,0.0,,.,.,0,0,.,.,0,1,0.0
6,10,29,0.595,5,3,2,6,8,0,0,0,0,1,0.0,0,1,30.0,0,0,0,0.0,,.,.,0,0,.,.,0,1,0.0
6,10,29,0.595,5,3,2,6,8,0,0,0,0,1,10.0,1,1,40.0,0,0,0,0.0,,.,.,0,0,.,.,0,1,5.0
6,10,29,0.595,5,3,2,6,8,0,0,0,0,1,15.0,1,1,70.0,0,0,0,0.0,,.,.,0,0,.,.,0,1,10.0
6,10,29,0.595,5,3,2,6,8,0,0,0,0,1,25.0,0,1,40.0,0,0,0,0.0,,.,.,0,0,.,.,0,1,20.0
6,10,12,-0.05,6,3,4,4,6,0,0,0,0,1,0.0,0,1,30.0,0,1,0,0.0,1.0,14,0.09,0,1,1,1,0,1,0.0
6,10,12,-0.05,6,3,4,4,6,0,0,0,0,1,25.0,0,1,30.0,0,1,0,0.0,1.0,14,0.09,0,1,1,1,0,1,20.0
6,10,12,-0.05,6,3,4,4,6,0,0,0,0,1,0.0,1,1,50.0,0,1,0,0.0,1.0,15,0.27,0,1,0,0,0,1,0.0
6,10,12,-0.05,6,3,4,4,6,0,0,0,0,1,0.0,1,1,40.0,0,1,0,0.0,1.0,15,0.27,0,1,0,0,0,1,0.0
6,10,12,-0.05,6,3,4,4,6,0,0,0,0,1,5.0,0,1,20.0,0,1,0,0.0,2.0,6,0.86,0,1,0,0,0,1,0.0
6,10,12,-0.05,6,3,4,4,6,0,0,0,0,1,0.0,1,0,30.0,0,0,0,0.0,,.,.,0,1,.,.,0,1,0.0
6,10,12,-0.05,6,3,4,4,6,0,0,0,0,1,0.0,1,1,40.0,0,0,0,0.0,,.,.,0,1,.,.,0,1,0.0
6,10,12,-0.05,6,3,4,4,6,0,0,0,0,1,0.0,0,1,30.0,0,0,0,0.0,,.,.,0,1,.,.,0,1,0.0
6,10,12,-0.05,6,3,4,4,6,0,0,0,0,1,0.0,1,1,30.0,0,0,0,0.0,,.,.,0,1,.,.,0,1,0.0
6,10,12,-0.05,6,3,4,4,6,0,0,0,0,1,5.0,1,0,20.0,0,0,0,0.0,,.,.,0,1,.,.,0,1,0.0
6,10,12,-0.05,6,3,4,4,6,0,0,0,0,1,10.0,0,1,6.0,0,0,0,0.0,,.,.,0,1,.,.,0,1,5.0
6,10,12,-0.05,6,3,4,4,6,0,0,0,0,1,25.0,1,0,30.0,0,0,0,0.0,,.,.,0,1,.,.,0,1,20.0
6,17,15,0.446,3,4,1,6,4,0,0,0,0,1,0.0,0,1,40.0,0,1,1,5.0,1.0,11,-0.89,0,1,1,0,0,1,0.0
6,17,15,0.446,3,4,1,6,4,0,0,0,0,1,0.0,1,0,40.0,0,1,1,10.0,2.0,7,-0.76,0,1,1,0,0,1,0.0
6,17,15,0.446,3,4,1,6,4,0,0,0,0,1,0.0,1,1,40.0,0,1,0,0.0,4.0,30,0.53,0,1,0,1,0,1,0.0
6,17,15,0.446,3,4,1,6,4,0,0,0,0,1,0.0,0,1,60.0,0,1,0,0.0,4.0,30,0.53,0,1,0,1,0,1,0.0
6,17,15,0.446,3,4,1,6,4,0,0,0,0,1,0.0,0,1,70.0,0,0,0,0.0,,.,.,0,1,.,.,0,1,0.0
6,17,15,0.446,3,4,1,6,4,0,0,0,0,1,0.0,0,1,70.0,0,0,0,0.0,,.,.,0,1,.,.,0,1,0.0
6,17,15,0.446,3,4,1,6,4,0,0,0,0,1,0.0,0,0,30.0,0,0,0,0.0,,.,.,0,1,.,.,0,1,0.0
6,17,15,0.446,3,4,1,6,4,0,0,0,0,1,20.0,0,1,30.0,0,0,0,0.0,,.,.,0,1,.,.,0,1,15.0
6,17,17,0.326,3,2,1,3,3,0,0,0,0,1,0.0,1,1,40.0,0,1,1,5.0,1.0,11,-0.89,0,0,1,0,0,1,0.0
6,17,17,0.326,3,2,1,3,3,0,0,0,0,1,0.0,0,1,70.0,0,1,1,10.0,1.0,10,-0.07,0,0,0,1,0,1,0.0
6,15,17,0.326,3,2,1,3,3,0,0,0,0,1,0.0,0,1,20.0,0,1,1,2.0,1.0,14,0.09,0,0,1,1,0,1,0.0
6,15,17,0.326,3,2,1,3,3,0,0,0,0,1,0.0,1,1,40.0,0,1,0,0.0,1.0,15,0.27,0,0,0,0,0,1,0.0
6,17,17,0.326,3,2,1,3,3,0,0,0,0,1,5.0,1,1,30.0,0,1,1,10.0,1.0,9,0.64,0,0,1,1,0,1,0.0
6,15,17,0.326,3,2,1,3,3,0,0,0,0,1,0.0,0,1,30.0,0,1,0,0.0,1.0,12,0.93,0,0,0,1,0,1,0.0
6,15,17,0.326,3,2,1,3,3,0,0,0,0,1,0.0,0,1,40.0,0,1,1,4.0,1.0,12,0.93,0,0,0,1,0,1,0.0
6,15,17,0.326,3,2,1,3,3,0,0,0,0,1,0.0,1,0,40.0,0,0,0,0.0,,.,.,0,0,.,.,0,1,0.0
6,15,17,0.326,3,2,1,3,3,0,0,0,0,1,0.0,0,1,30.0,0,0,0,0.0,,.,.,0,0,.,.,0,1,0.0
6,15,17,0.326,3,2,1,3,3,0,0,0,0,1,0.0,0,1,30.0,0,0,0,0.0,,.,.,0,0,.,.,0,1,0.0
6,15,17,0.326,3,2,1,3,3,0,0,0,0,1,0.0,1,1,40.0,0,0,0,0.0,,.,.,0,0,.,.,0,1,0.0
6,15,17,0.326,3,2,1,3,3,0,0,0,0,1,0.0,0,1,50.0,0,0,0,0.0,,.,.,0,0,.,.,0,1,0.0
6,17,17,0.326,3,2,1,3,3,0,0,0,0,1,0.0,0,1,70.0,0,0,0,0.0,,.,.,0,0,.,.,0,1,0.0
6,17,17,0.326,3,2,1,3,3,0,0,0,0,1,0.0,0,1,60.0,0,0,0,0.0,,.,.,0,0,.,.,0,1,0.0
6,17,17,0.326,3,2,1,3,3,0,0,0,0,1,0.0,1,1,60.0,0,0,0,0.0,,.,.,0,0,.,.,0,1,0.0
6,17,17,0.326,3,2,1,3,3,0,0,0,0,1,5.0,0,1,30.0,0,0,0,0.0,,.,.,0,0,.,.,0,1,0.0
6,24,19,0.007,5,8,5,2,4,0,0,0,0,1,0.0,0,1,30.0,0,1,0,0.0,4.0,56,-0.49,1,0,0,1,0,1,0.0
6,24,19,0.007,5,8,5,2,4,0,0,0,0,1,0.0,1,1,50.0,0,1,1,3.0,3.0,39,0,1,0,1,1,0,1,0.0
6,24,19,0.007,5,8,5,2,4,0,0,0,0,1,0.0,1,1,40.0,0,1,0,0.0,4.0,53,0.09,1,0,0,0,0,1,0.0
6,24,19,0.007,5,8,5,2,4,0,0,0,0,1,0.0,0,1,30.0,0,1,0,0.0,1.0,15,0.27,1,0,0,0,0,1,0.0
6,24,19,0.007,5,8,5,2,4,0,0,0,0,1,0.0,0,0,30.0,0,0,0,0.0,,.,.,1,0,.,.,0,1,0.0
6,24,19,0.007,5,8,5,2,4,0,0,0,0,1,0.0,1,1,40.0,0,0,0,0.0,,.,.,1,0,.,.,0,1,0.0
6,24,19,0.007,5,8,5,2,4,0,0,0,0,1,0.0,0,1,60.0,0,0,0,0.0,,.,.,1,0,.,.,0,1,0.0
6,24,19,0.007,5,8,5,2,4,0,0,0,0,1,0.0,1,1,40.0,0,0,0,0.0,,.,.,1,0,.,.,0,1,0.0
6,24,19,0.007,5,8,5,2,4,0,0,0,0,1,0.0,1,0,50.0,0,0,0,0.0,,.,.,1,0,.,.,0,1,0.0
6,7,31,0.517,4,4,3,-1,4,0,0,0,0,1,0.0,0,1,30.0,0,1,0,0.0,4.0,55,-0.24,0,1,1,0,0,1,0.0
6,7,31,0.517,4,4,3,-1,4,0,0,0,0,1,2.0,1,1,45.0,0,1,0,0.0,4.0,54,0.17,0,1,1,1,0,1,-3.0
6,7,31,0.517,4,4,3,-1,4,0,0,0,0,1,25.0,0,1,40.0,0,1,0,0.0,4.0,54,0.17,0,1,1,1,0,1,20.0
6,7,31,0.517,4,4,3,-1,4,0,0,0,0,1,0.0,1,0,35.0,0,0,0,0.0,,.,.,0,1,.,.,0,1,0.0
6,7,31,0.517,4,4,3,-1,4,0,0,0,0,1,0.0,0,1,20.0,0,0,0,0.0,,.,.,0,1,.,.,0,1,0.0
6,7,31,0.517,4,4,3,-1,4,0,0,0,0,1,0.0,1,1,15.0,0,0,0,0.0,,.,.,0,1,.,.,0,1,0.0
6,7,31,0.517,4,4,3,-1,4,0,0,0,0,1,0.0,1,1,50.0,0,0,0,0.0,,.,.,0,1,.,.,0,1,0.0
6,7,31,0.517,4,4,3,-1,4,0,0,0,0,1,0.0,1,1,35.0,0,0,0,0.0,,.,.,0,1,.,.,0,1,0.0
6,7,31,0.517,4,4,3,-1,4,0,0,0,0,1,0.0,1,1,40.0,0,0,0,0.0,,.,.,0,1,.,.,0,1,0.0
6,7,31,0.517,4,4,3,-1,4,0,0,0,0,1,5.0,0,1,40.0,0,0,0,0.0,,.,.,0,1,.,.,0,1,0.0
6,7,31,0.517,4,4,3,-1,4,0,0,0,0,1,25.0,0,1,50.0,0,0,0,0.0,,.,.,0,1,.,.,0,1,20.0
6,7,31,0.517,4,4,3,-1,4,0,0,0,0,1,25.0,0,1,40.0,0,0,0,0.0,,.,.,0,1,.,.,0,1,20.0
6,10,32,-0.937,6,6,8,8,7,0,0,0,0,1,0.0,0,1,45.0,0,1,0,0.0,1.0,14,0.09,0,1,1,1,0,1,0.0
6,10,32,-0.937,6,6,8,8,7,0,0,0,0,1,2.0,0,1,25.0,0,1,0,0.0,1.0,14,0.09,0,1,1,1,0,1,-3.0
6,10,32,-0.937,6,6,8,8,7,0,0,0,0,1,5.0,0,1,60.0,0,1,0,0.0,1.0,14,0.09,0,1,1,1,0,1,0.0
6,10,32,-0.937,6,6,8,8,7,0,0,0,0,1,0.0,1,1,40.0,0,1,0,0.0,1.0,15,0.27,0,1,0,0,0,1,0.0
6,10,32,-0.937,6,6,8,8,7,0,0,0,0,1,0.0,1,1,18.0,0,1,0,0.0,1.0,15,0.27,0,1,0,0,0,1,0.0
6,10,32,-0.937,6,6,8,8,7,0,0,0,0,1,0.0,0,1,35.0,0,1,0,0.0,1.0,12,0.93,0,1,0,1,0,1,0.0
6,10,32,-0.937,6,6,8,8,7,0,0,0,0,1,0.0,1,1,40.0,0,1,0,0.0,1.0,13,1.19,0,1,0,1,0,1,0.0
6,10,32,-0.937,6,6,8,8,7,0,0,0,0,1,0.0,1,1,55.0,0,1,0,0.0,1.0,13,1.19,0,1,0,1,0,1,0.0
6,10,32,-0.937,6,6,8,8,7,0,0,0,0,1,0.0,0,1,35.0,0,0,0,0.0,,.,.,0,1,.,.,0,1,0.0
6,10,32,-0.937,6,6,8,8,7,0,0,0,0,1,0.0,0,1,20.0,0,0,0,0.0,,.,.,0,1,.,.,0,1,0.0
6,10,32,-0.937,6,6,8,8,7,0,0,0,0,1,0.0,1,1,38.0,0,0,0,0.0,,.,.,0,1,.,.,0,1,0.0
6,10,32,-0.937,6,6,8,8,7,0,0,0,0,1,0.0,1,1,18.0,0,0,0,0.0,,.,.,0,1,.,.,0,1,0.0
6,10,32,-0.937,6,6,8,8,7,0,0,0,0,1,0.0,1,1,20.0,0,0,0,0.0,,.,.,0,1,.,.,0,1,0.0
6,10,32,-0.937,6,6,8,8,7,0,0,0,0,1,0.0,0,1,55.0,0,0,0,0.0,,.,.,0,1,.,.,0,1,0.0
6,10,32,-0.937,6,6,8,8,7,0,0,0,0,1,0.0,1,1,50.0,0,0,0,0.0,,.,.,0,1,.,.,0,1,0.0
6,10,32,-0.937,6,6,8,8,7,0,0,0,0,1,0.0,0,1,75.0,0,0,0,0.0,,.,.,0,1,.,.,0,1,0.0
6,10,32,-0.937,6,6,8,8,7,0,0,0,0,1,0.0,0,1,50.0,0,0,0,0.0,,.,.,0,1,.,.,0,1,0.0
6,10,32,-0.937,6,6,8,8,7,0,0,0,0,1,0.0,1,1,40.0,0,0,0,0.0,,.,.,0,1,.,.,0,1,0.0
6,10,32,-0.937,6,6,8,8,7,0,0,0,0,1,0.0,1,1,40.0,0,0,0,0.0,,.,.,0,1,.,.,0,1,0.0
6,10,32,-0.937,6,6,8,8,7,0,0,0,0,1,0.0,1,1,40.0,0,0,0,0.0,,.,.,0,1,.,.,0,1,0.0
6,10,32,-0.937,6,6,8,8,7,0,0,0,0,1,0.0,0,1,40.0,0,0,0,0.0,,.,.,0,1,.,.,0,1,0.0
6,10,32,-0.937,6,6,8,8,7,0,0,0,0,1,0.0,0,1,35.0,0,0,0,0.0,,.,.,0,1,.,.,0,1,0.0
6,10,32,-0.937,6,6,8,8,7,0,0,0,0,1,2.0,0,1,60.0,0,0,0,0.0,,.,.,0,1,.,.,0,1,-3.0
6,10,32,-0.937,6,6,8,8,7,0,0,0,0,1,5.0,1,1,35.0,0,0,0,0.0,,.,.,0,1,.,.,0,1,0.0
6,10,32,-0.937,6,6,8,8,7,0,0,0,0,1,25.0,1,1,65.0,0,0,0,0.0,,.,.,0,1,.,.,0,1,20.0
6,10,32,-0.937,6,6,8,8,7,0,0,0,0,1,25.0,1,0,35.0,0,0,0,0.0,,.,.,0,1,.,.,0,1,20.0
6,15,35,-0.218,6,8,6,7,8,0,0,0,0,1,0.0,1,1,30.0,0,1,0,0.0,1.0,14,0.09,1,0,1,1,0,1,0.0
6,15,35,-0.218,6,8,6,7,8,0,0,0,0,1,0.0,0,1,30.0,0,1,1,3.0,1.0,14,0.09,1,0,1,1,0,1,0.0
6,15,35,-0.218,6,8,6,7,8,0,0,0,0,1,2.0,1,0,30.0,0,1,0,0.0,1.0,14,0.09,1,0,1,1,0,1,-3.0
6,15,35,-0.218,6,8,6,7,8,0,0,0,0,1,0.0,1,1,20.0,0,1,0,0.0,1.0,12,0.93,1,0,0,1,0,1,0.0
6,15,35,-0.218,6,8,6,7,8,0,0,0,0,1,0.0,1,1,16.0,0,1,0,0.0,1.0,12,0.93,1,0,0,1,0,1,0.0
6,15,35,-0.218,6,8,6,7,8,0,0,0,0,1,0.0,0,1,50.0,0,1,1,1.0,1.0,12,0.93,1,0,0,1,0,1,0.0
6,15,35,-0.218,6,8,6,7,8,0,0,0,0,1,0.0,0,1,30.0,0,0,0,0.0,,.,.,1,0,.,.,0,1,0.0
6,15,35,-0.218,6,8,6,7,8,0,0,0,0,1,0.0,0,1,40.0,0,0,0,0.0,,.,.,1,0,.,.,0,1,0.0
6,15,35,-0.218,6,8,6,7,8,0,0,0,0,1,0.0,0,0,40.0,0,0,0,0.0,,.,.,1,0,.,.,0,1,0.0
6,7,36,-0.324,5,8,7,7,7,0,0,0,0,1,0.0,1,1,60.0,0,1,0,0.0,4.0,55,-0.24,0,0,1,0,0,1,0.0
6,7,36,-0.324,5,8,7,7,7,0,0,0,0,1,0.0,0,1,50.0,0,1,0,0.0,4.0,55,-0.24,0,0,1,0,0,1,0.0
6,7,36,-0.324,5,8,7,7,7,0,0,0,0,1,0.0,1,1,50.0,0,1,0,0.0,4.0,55,-0.24,0,0,1,0,0,1,0.0
6,7,36,-0.324,5,8,7,7,7,0,0,0,0,1,0.0,0,1,50.0,0,1,0,0.0,4.0,54,0.17,0,0,1,1,0,1,0.0
6,7,36,-0.324,5,8,7,7,7,0,0,0,0,1,0.0,1,1,30.0,0,1,0,0.0,4.0,54,0.17,0,0,1,1,0,1,0.0
6,7,36,-0.324,5,8,7,7,7,0,0,0,0,1,0.0,0,1,40.0,0,1,0,0.0,4.0,54,0.17,0,0,1,1,0,1,0.0
6,7,36,-0.324,5,8,7,7,7,0,0,0,0,1,10.0,1,1,40.0,0,1,0,0.0,4.0,54,0.17,0,0,1,1,0,1,5.0
6,7,36,-0.324,5,8,7,7,7,0,0,0,0,1,0.0,0,1,40.0,0,0,0,0.0,,.,.,0,0,.,.,0,1,0.0
6,7,36,-0.324,5,8,7,7,7,0,0,0,0,1,0.0,0,0,20.0,0,0,0,0.0,,.,.,0,0,.,.,0,1,0.0
6,7,36,-0.324,5,8,7,7,7,0,0,0,0,1,0.0,1,1,40.0,0,0,0,0.0,,.,.,0,0,.,.,0,1,0.0
6,7,36,-0.324,5,8,7,7,7,0,0,0,0,1,0.0,0,1,30.0,0,0,0,0.0,,.,.,0,0,.,.,0,1,0.0
6,7,36,-0.324,5,8,7,7,7,0,0,0,0,1,10.0,1,1,40.0,0,0,0,0.0,,.,.,0,0,.,.,0,1,5.0
6,7,36,-0.324,5,8,7,7,7,0,0,0,0,1,10.0,0,0,30.0,0,0,0,0.0,,.,.,0,0,.,.,0,1,5.0
